n_digits,base,unique_attractors,dominant_frequency,samples,most_common_attractor,state
2,2,1,1,20,1,Constant
2,3,1,1,20,0,Constant
2,7,1,1,20,0,Constant
2,15,1,1,20,0,Constant
2,31,1,1,20,0,Constant
2,63,1,1,20,"[0,0]",Constant
3,2,1,1,20,11,Constant
3,4,1,1,20,132,Constant
3,6,1,1,20,253,Constant
3,8,1,1,20,374,Constant
3,10,1,1,20,495,Constant
3,12,1,1,20,5B6,Constant
3,14,1,1,20,6D7,Constant
3,16,1,1,20,7F8,Constant
3,18,1,1,20,8H9,Constant
3,20,1,1,20,9JA,Constant
3,22,1,1,20,ALB,Constant
3,24,1,1,20,BNC,Constant
3,26,1,1,20,CPD,Constant
3,28,1,1,20,DRE,Constant
3,30,1,1,20,ETF,Constant
3,32,1,1,20,FVG,Constant
3,34,1,1,20,GXH,Constant
3,36,1,1,20,HZI,Constant
3,38,1,1,20,"[18,37,19]",Constant
3,40,1,1,20,"[19,39,20]",Constant
3,42,1,1,20,"[20,41,21]",Constant
3,46,1,1,20,"[22,45,23]",Constant
3,44,1,1,20,"[21,43,22]",Constant
3,48,1,1,20,"[23,47,24]",Constant
3,50,1,1,20,"[24,49,25]",Constant
3,52,1,1,20,"[25,51,26]",Constant
3,54,1,1,20,"[26,53,27]",Constant
3,56,1,1,20,"[27,55,28]",Constant
3,58,1,1,20,"[28,57,29]",Constant
3,60,1,1,20,"[29,59,30]",Constant
3,62,1,1,20,"[30,61,31]",Constant
3,64,1,1,20,"[31,63,32]",Constant
3,66,1,1,20,"[32,65,33]",Constant
3,68,1,1,20,"[33,67,34]",Constant
3,70,1,1,20,"[34,69,35]",Constant
3,74,1,1,20,"[36,73,37]",Constant
3,72,1,1,20,"[35,71,36]",Constant
3,76,1,1,20,"[37,75,38]",Constant
3,78,1,1,20,"[38,77,39]",Constant
3,80,1,1,20,"[39,79,40]",Constant
3,82,1,1,20,"[40,81,41]",Constant
3,84,1,1,20,"[41,83,42]",Constant
3,86,1,1,20,"[42,85,43]",Constant
3,88,1,1,20,"[43,87,44]",Constant
3,90,1,1,20,"[44,89,45]",Constant
3,92,1,1,20,"[45,91,46]",Constant
3,94,1,1,20,"[46,93,47]",Constant
3,96,1,1,20,"[47,95,48]",Constant
3,98,1,1,20,"[48,97,49]",Constant
3,100,1,1,20,"[49,99,50]",Constant
4,5,1,1,20,3032,Constant
4,10,1,1,20,6174,Constant
4,40,1,1,20,"[24,7,31,16]",Constant
5,3,1,1,20,20211,Constant
5,12,1,1,20,83B74,Constant
5,15,1,1,20,A4E95,Constant
5,18,1,1,20,C5HB6,Constant
5,21,1,1,20,E6KD7,Constant
5,24,1,1,20,G7NF8,Constant
5,27,1,1,20,I8QH9,Constant
5,30,1,1,20,K9TJA,Constant
5,33,1,1,20,MAWLB,Constant
5,36,1,1,20,OBZNC,Constant
5,39,1,1,20,"[26,12,38,25,13]",Constant
5,42,1,1,20,"[28,13,41,27,14]",Constant
5,45,1,1,20,"[30,14,44,29,15]",Constant
5,48,1,1,20,"[32,15,47,31,16]",Constant
5,51,1,1,20,"[34,16,50,33,17]",Constant
5,54,1,1,20,"[36,17,53,35,18]",Constant
5,57,1,1,20,"[38,18,56,37,19]",Constant
5,60,1,1,20,"[40,19,59,39,20]",Constant
5,63,1,1,20,"[42,20,62,41,21]",Constant
5,66,1,1,20,"[44,21,65,43,22]",Constant
5,69,1,1,20,"[46,22,68,45,23]",Constant
5,72,1,1,20,"[48,23,71,47,24]",Constant
5,75,1,1,20,"[50,24,74,49,25]",Constant
5,78,1,1,20,"[52,25,77,51,26]",Constant
5,81,1,1,20,"[54,26,80,53,27]",Constant
5,84,1,1,20,"[56,27,83,55,28]",Constant
5,87,1,1,20,"[58,28,86,57,29]",Constant
5,90,1,1,20,"[60,29,89,59,30]",Constant
5,93,1,1,20,"[62,30,92,61,31]",Constant
5,96,1,1,20,"[64,31,95,63,32]",Constant
5,99,1,1,20,"[66,32,98,65,33]",Constant
6,13,1,1,20,951A74,Constant
6,17,1,1,20,D91E74,Constant
7,4,1,1,20,3203211,Constant
8,3,1,1,20,21022111,Constant
9,5,1,1,20,432043211,Constant
10,90,1,1,20,Timeout,Constant
11,7,1,1,20,6543065321...,Constant
12,78,1,1,20,Timeout,Constant
12,94,1,1,20,Timeout,Constant
12,96,1,1,20,Timeout,Constant
12,100,1,1,20,Timeout,Constant
14,68,1,1,20,Timeout,Constant
14,70,1,1,20,Timeout,Constant
14,80,1,1,20,Timeout,Constant
14,84,1,1,20,Timeout,Constant
14,88,1,1,20,Timeout,Constant
14,92,1,1,20,Timeout,Constant
14,94,1,1,20,Timeout,Constant
14,96,1,1,20,Timeout,Constant
14,98,1,1,20,Timeout,Constant
15,17,1,1,20,FDB8651GEB...,Constant
14,100,1,1,20,Timeout,Constant
15,49,1,1,20,"[43,37,31,24,18,13,5,48,42,35,...]",Constant
16,56,1,1,20,Timeout,Constant
16,62,1,1,20,Timeout,Constant
16,68,1,1,20,Timeout,Constant
16,72,1,1,20,Timeout,Constant
16,80,1,1,20,Timeout,Constant
16,82,1,1,20,Timeout,Constant
16,84,1,1,20,Timeout,Constant
16,88,1,1,20,Timeout,Constant
16,94,1,1,20,Timeout,Constant
16,96,1,1,20,Timeout,Constant
16,98,1,1,20,Timeout,Constant
16,99,1,1,20,Timeout,Constant
16,100,1,1,20,Timeout,Constant
18,54,1,1,20,Timeout,Constant
18,56,1,1,20,Timeout,Constant
18,68,1,1,20,Timeout,Constant
18,72,1,1,20,Timeout,Constant
18,76,1,1,20,Timeout,Constant
18,78,1,1,20,Timeout,Constant
18,80,1,1,20,Timeout,Constant
18,82,1,1,20,Timeout,Constant
18,84,1,1,20,Timeout,Constant
18,88,1,1,20,Timeout,Constant
18,92,1,1,20,Timeout,Constant
18,94,1,1,20,Timeout,Constant
18,95,1,1,20,Timeout,Constant
18,96,1,1,20,Timeout,Constant
18,98,1,1,20,Timeout,Constant
18,99,1,1,20,Timeout,Constant
20,54,1,1,20,Timeout,Constant
20,60,1,1,20,Timeout,Constant
20,62,1,1,20,Timeout,Constant
20,68,1,1,20,Timeout,Constant
20,70,1,1,20,Timeout,Constant
20,72,1,1,20,Timeout,Constant
20,76,1,1,20,Timeout,Constant
20,78,1,1,20,Timeout,Constant
20,80,1,1,20,Timeout,Constant
20,82,1,1,20,Timeout,Constant
20,84,1,1,20,Timeout,Constant
20,92,1,1,20,Timeout,Constant
20,94,1,1,20,Timeout,Constant
20,95,1,1,20,Timeout,Constant
20,96,1,1,20,Timeout,Constant
20,98,1,1,20,Timeout,Constant
20,99,1,1,20,Timeout,Constant
20,100,1,1,20,Timeout,Constant
22,54,1,1,20,Timeout,Constant
22,60,1,1,20,Timeout,Constant
22,62,1,1,20,Timeout,Constant
22,68,1,1,20,Timeout,Constant
22,70,1,1,20,Timeout,Constant
22,72,1,1,20,Timeout,Constant
22,76,1,1,20,Timeout,Constant
22,78,1,1,20,Timeout,Constant
22,80,1,1,20,Timeout,Constant
22,82,1,1,20,Timeout,Constant
22,84,1,1,20,Timeout,Constant
22,88,1,1,20,Timeout,Constant
22,92,1,1,20,Timeout,Constant
22,94,1,1,20,Timeout,Constant
22,95,1,1,20,Timeout,Constant
22,96,1,1,20,Timeout,Constant
22,98,1,1,20,Timeout,Constant
22,99,1,1,20,Timeout,Constant
22,100,1,1,20,Timeout,Constant
24,54,1,1,20,Timeout,Constant
24,60,1,1,20,Timeout,Constant
24,62,1,1,20,Timeout,Constant
24,68,1,1,20,Timeout,Constant
24,70,1,1,20,Timeout,Constant
24,71,1,1,20,Timeout,Constant
24,72,1,1,20,Timeout,Constant
24,76,1,1,20,Timeout,Constant
24,78,1,1,20,Timeout,Constant
24,80,1,1,20,Timeout,Constant
24,82,1,1,20,Timeout,Constant
24,84,1,1,20,Timeout,Constant
24,88,1,1,20,Timeout,Constant
24,92,1,1,20,Timeout,Constant
24,94,1,1,20,Timeout,Constant
24,95,1,1,20,Timeout,Constant
24,96,1,1,20,Timeout,Constant
24,98,1,1,20,Timeout,Constant
24,99,1,1,20,Timeout,Constant
24,100,1,1,20,Timeout,Constant
26,40,1,1,20,Timeout,Constant
26,54,1,1,20,Timeout,Constant
26,62,1,1,20,Timeout,Constant
26,68,1,1,20,Timeout,Constant
26,70,1,1,20,Timeout,Constant
26,71,1,1,20,Timeout,Constant
26,72,1,1,20,Timeout,Constant
26,76,1,1,20,Timeout,Constant
26,78,1,1,20,Timeout,Constant
26,80,1,1,20,Timeout,Constant
26,84,1,1,20,Timeout,Constant
26,88,1,1,20,Timeout,Constant
26,92,1,1,20,Timeout,Constant
26,94,1,1,20,Timeout,Constant
26,95,1,1,20,Timeout,Constant
26,96,1,1,20,Timeout,Constant
26,98,1,1,20,Timeout,Constant
26,99,1,1,20,Timeout,Constant
26,100,1,1,20,Timeout,Constant
27,79,1,1,20,Timeout,Constant
27,97,1,1,20,Timeout,Constant
27,100,1,1,20,Timeout,Constant
28,38,1,1,20,Timeout,Constant
28,62,1,1,20,Timeout,Constant
28,68,1,1,20,Timeout,Constant
28,70,1,1,20,Timeout,Constant
28,72,1,1,20,Timeout,Constant
28,78,1,1,20,Timeout,Constant
28,80,1,1,20,Timeout,Constant
28,82,1,1,20,Timeout,Constant
28,84,1,1,20,Timeout,Constant
28,88,1,1,20,Timeout,Constant
28,92,1,1,20,Timeout,Constant
28,94,1,1,20,Timeout,Constant
28,95,1,1,20,Timeout,Constant
28,96,1,1,20,Timeout,Constant
28,98,1,1,20,Timeout,Constant
28,99,1,1,20,Timeout,Constant
28,100,1,1,20,Timeout,Constant
29,30,1,1,20,SQOMKIGECA...,Constant
29,68,1,1,20,Timeout,Constant
29,71,1,1,20,Timeout,Constant
29,97,1,1,20,Timeout,Constant
30,40,1,1,20,Timeout,Constant
30,60,1,1,20,Timeout,Constant
30,62,1,1,20,Timeout,Constant
30,68,1,1,20,Timeout,Constant
30,70,1,1,20,Timeout,Constant
30,71,1,1,20,Timeout,Constant
30,72,1,1,20,Timeout,Constant
30,76,1,1,20,Timeout,Constant
30,78,1,1,20,Timeout,Constant
30,80,1,1,20,Timeout,Constant
30,84,1,1,20,Timeout,Constant
30,88,1,1,20,Timeout,Constant
30,92,1,1,20,Timeout,Constant
30,94,1,1,20,Timeout,Constant
30,95,1,1,20,Timeout,Constant
30,96,1,1,20,Timeout,Constant
30,98,1,1,20,Timeout,Constant
30,99,1,1,20,Timeout,Constant
30,100,1,1,20,Timeout,Constant
31,93,1,1,20,Timeout,Constant
32,62,1,1,20,Timeout,Constant
32,65,1,1,20,Timeout,Constant
32,68,1,1,20,Timeout,Constant
32,70,1,1,20,Timeout,Constant
32,71,1,1,20,Timeout,Constant
32,72,1,1,20,Timeout,Constant
32,76,1,1,20,Timeout,Constant
32,78,1,1,20,Timeout,Constant
32,80,1,1,20,Timeout,Constant
32,82,1,1,20,Timeout,Constant
32,84,1,1,20,Timeout,Constant
32,88,1,1,20,Timeout,Constant
32,92,1,1,20,Timeout,Constant
32,94,1,1,20,Timeout,Constant
32,95,1,1,20,Timeout,Constant
32,96,1,1,20,Timeout,Constant
32,98,1,1,20,Timeout,Constant
32,99,1,1,20,Timeout,Constant
32,100,1,1,20,Timeout,Constant
33,60,1,1,20,Timeout,Constant
33,76,1,1,20,Timeout,Constant
33,82,1,1,20,Timeout,Constant
34,62,1,1,20,Timeout,Constant
34,68,1,1,20,Timeout,Constant
34,70,1,1,20,Timeout,Constant
34,72,1,1,20,Timeout,Constant
34,76,1,1,20,Timeout,Constant
34,78,1,1,20,Timeout,Constant
34,80,1,1,20,Timeout,Constant
34,82,1,1,20,Timeout,Constant
34,84,1,1,20,Timeout,Constant
34,88,1,1,20,Timeout,Constant
34,92,1,1,20,Timeout,Constant
34,94,1,1,20,Timeout,Constant
34,95,1,1,20,Timeout,Constant
34,96,1,1,20,Timeout,Constant
34,97,1,1,20,Timeout,Constant
34,98,1,1,20,Timeout,Constant
34,99,1,1,20,Timeout,Constant
34,100,1,1,20,Timeout,Constant
35,78,1,1,20,Timeout,Constant
35,80,1,1,20,Timeout,Constant
35,81,1,1,20,Timeout,Constant
35,90,1,1,20,Timeout,Constant
35,97,1,1,20,Timeout,Constant
35,99,1,1,20,Timeout,Constant
35,100,1,1,20,Timeout,Constant
36,40,1,1,20,Timeout,Constant
36,46,1,1,20,Timeout,Constant
36,62,1,1,20,Timeout,Constant
36,68,1,1,20,Timeout,Constant
36,70,1,1,20,Timeout,Constant
36,72,1,1,20,Timeout,Constant
36,76,1,1,20,Timeout,Constant
36,80,1,1,20,Timeout,Constant
36,82,1,1,20,Timeout,Constant
36,84,1,1,20,Timeout,Constant
36,88,1,1,20,Timeout,Constant
36,92,1,1,20,Timeout,Constant
36,94,1,1,20,Timeout,Constant
36,95,1,1,20,Timeout,Constant
36,96,1,1,20,Timeout,Constant
36,98,1,1,20,Timeout,Constant
36,99,1,1,20,Timeout,Constant
36,100,1,1,20,Timeout,Constant
37,65,1,1,20,Timeout,Constant
37,68,1,1,20,Timeout,Constant
37,71,1,1,20,Timeout,Constant
37,80,1,1,20,Timeout,Constant
37,81,1,1,20,Timeout,Constant
37,83,1,1,20,Timeout,Constant
37,85,1,1,20,Timeout,Constant
37,86,1,1,20,Timeout,Constant
37,99,1,1,20,Timeout,Constant
37,100,1,1,20,Timeout,Constant
38,40,1,1,20,Timeout,Constant
38,62,1,1,20,Timeout,Constant
38,68,1,1,20,Timeout,Constant
38,70,1,1,20,Timeout,Constant
38,72,1,1,20,Timeout,Constant
38,76,1,1,20,Timeout,Constant
38,78,1,1,20,Timeout,Constant
38,80,1,1,20,Timeout,Constant
38,82,1,1,20,Timeout,Constant
38,84,1,1,20,Timeout,Constant
38,88,1,1,20,Timeout,Constant
38,92,1,1,20,Timeout,Constant
38,94,1,1,20,Timeout,Constant
38,95,1,1,20,Timeout,Constant
38,96,1,1,20,Timeout,Constant
38,98,1,1,20,Timeout,Constant
38,99,1,1,20,Timeout,Constant
38,100,1,1,20,Timeout,Constant
39,66,1,1,20,Timeout,Constant
39,69,1,1,20,Timeout,Constant
39,70,1,1,20,Timeout,Constant
39,73,1,1,20,Timeout,Constant
39,84,1,1,20,Timeout,Constant
39,85,1,1,20,Timeout,Constant
39,86,1,1,20,Timeout,Constant
39,87,1,1,20,Timeout,Constant
39,88,1,1,20,Timeout,Constant
39,89,1,1,20,Timeout,Constant
39,91,1,1,20,Timeout,Constant
39,92,1,1,20,Timeout,Constant
39,93,1,1,20,Timeout,Constant
39,94,1,1,20,Timeout,Constant
39,95,1,1,20,Timeout,Constant
39,96,1,1,20,Timeout,Constant
39,97,1,1,20,Timeout,Constant
39,100,1,1,20,Timeout,Constant
40,40,1,1,20,Timeout,Constant
40,68,1,1,20,Timeout,Constant
40,70,1,1,20,Timeout,Constant
40,71,1,1,20,Timeout,Constant
40,72,1,1,20,Timeout,Constant
40,76,1,1,20,Timeout,Constant
40,78,1,1,20,Timeout,Constant
40,80,1,1,20,Timeout,Constant
40,82,1,1,20,Timeout,Constant
40,84,1,1,20,Timeout,Constant
40,88,1,1,20,Timeout,Constant
40,92,1,1,20,Timeout,Constant
40,94,1,1,20,Timeout,Constant
40,95,1,1,20,Timeout,Constant
40,97,1,1,20,Timeout,Constant
40,98,1,1,20,Timeout,Constant
40,99,1,1,20,Timeout,Constant
41,56,1,1,20,Timeout,Constant
41,61,1,1,20,Timeout,Constant
41,68,1,1,20,Timeout,Constant
41,71,1,1,20,Timeout,Constant
41,72,1,1,20,Timeout,Constant
41,87,1,1,20,Timeout,Constant
41,90,1,1,20,Timeout,Constant
41,89,1,1,20,Timeout,Constant
41,91,1,1,20,Timeout,Constant
41,92,1,1,20,Timeout,Constant
41,93,1,1,20,Timeout,Constant
41,94,1,1,20,Timeout,Constant
41,95,1,1,20,Timeout,Constant
41,96,1,1,20,Timeout,Constant
41,97,1,1,20,Timeout,Constant
41,98,1,1,20,Timeout,Constant
42,68,1,1,20,Timeout,Constant
42,72,1,1,20,Timeout,Constant
42,76,1,1,20,Timeout,Constant
42,78,1,1,20,Timeout,Constant
42,80,1,1,20,Timeout,Constant
42,84,1,1,20,Timeout,Constant
42,88,1,1,20,Timeout,Constant
42,92,1,1,20,Timeout,Constant
42,94,1,1,20,Timeout,Constant
42,95,1,1,20,Timeout,Constant
42,98,1,1,20,Timeout,Constant
42,100,1,1,20,Timeout,Constant
43,56,1,1,20,Timeout,Constant
43,58,1,1,20,Timeout,Constant
43,74,1,1,20,Timeout,Constant
43,75,1,1,20,Timeout,Constant
43,76,1,1,20,Timeout,Constant
43,77,1,1,20,Timeout,Constant
43,79,1,1,20,Timeout,Constant
43,82,1,1,20,Timeout,Constant
43,83,1,1,20,Timeout,Constant
43,94,1,1,20,Timeout,Constant
43,95,1,1,20,Timeout,Constant
43,96,1,1,20,Timeout,Constant
43,99,1,1,20,Timeout,Constant
44,40,1,1,20,Timeout,Constant
44,68,1,1,20,Timeout,Constant
44,70,1,1,20,Timeout,Constant
44,72,1,1,20,Timeout,Constant
44,76,1,1,20,Timeout,Constant
44,78,1,1,20,Timeout,Constant
44,80,1,1,20,Timeout,Constant
44,82,1,1,20,Timeout,Constant
44,83,1,1,20,Timeout,Constant
44,88,1,1,20,Timeout,Constant
44,92,1,1,20,Timeout,Constant
44,94,1,1,20,Timeout,Constant
44,98,1,1,20,Timeout,Constant
44,99,1,1,20,Timeout,Constant
45,61,1,1,20,Timeout,Constant
45,75,1,1,20,Timeout,Constant
45,76,1,1,20,Timeout,Constant
45,77,1,1,20,Timeout,Constant
45,79,1,1,20,Timeout,Constant
45,80,1,1,20,Timeout,Constant
45,81,1,1,20,Timeout,Constant
45,83,1,1,20,Timeout,Constant
45,84,1,1,20,Timeout,Constant
45,85,1,1,20,Timeout,Constant
45,87,1,1,20,Timeout,Constant
45,95,1,1,20,Timeout,Constant
45,96,1,1,20,Timeout,Constant
45,97,1,1,20,Timeout,Constant
45,98,1,1,20,Timeout,Constant
45,99,1,1,20,Timeout,Constant
45,100,1,1,20,Timeout,Constant
46,68,1,1,20,Timeout,Constant
46,72,1,1,20,Timeout,Constant
46,76,1,1,20,Timeout,Constant
46,80,1,1,20,Timeout,Constant
46,82,1,1,20,Timeout,Constant
46,83,1,1,20,Timeout,Constant
46,88,1,1,20,Timeout,Constant
46,94,1,1,20,Timeout,Constant
46,96,1,1,20,Timeout,Constant
46,98,1,1,20,Timeout,Constant
46,99,1,1,20,Timeout,Constant
46,100,1,1,20,Timeout,Constant
47,55,1,1,20,Timeout,Constant
47,58,1,1,20,Timeout,Constant
47,69,1,1,20,Timeout,Constant
47,77,1,1,20,Timeout,Constant
47,79,1,1,20,Timeout,Constant
47,80,1,1,20,Timeout,Constant
47,81,1,1,20,Timeout,Constant
47,82,1,1,20,Timeout,Constant
47,83,1,1,20,Timeout,Constant
47,84,1,1,20,Timeout,Constant
47,87,1,1,20,Timeout,Constant
47,86,1,1,20,Timeout,Constant
47,88,1,1,20,Timeout,Constant
47,89,1,1,20,Timeout,Constant
47,90,1,1,20,Timeout,Constant
47,91,1,1,20,Timeout,Constant
47,92,1,1,20,Timeout,Constant
47,98,1,1,20,Timeout,Constant
47,100,1,1,20,Timeout,Constant
48,40,1,1,20,Timeout,Constant
48,68,1,1,20,Timeout,Constant
48,70,1,1,20,Timeout,Constant
48,72,1,1,20,Timeout,Constant
48,76,1,1,20,Timeout,Constant
48,78,1,1,20,Timeout,Constant
48,80,1,1,20,Timeout,Constant
48,82,1,1,20,Timeout,Constant
48,88,1,1,20,Timeout,Constant
48,94,1,1,20,Timeout,Constant
48,97,1,1,20,Timeout,Constant
48,99,1,1,20,Timeout,Constant
49,58,1,1,20,Timeout,Constant
49,63,1,1,20,Timeout,Constant
49,66,1,1,20,Timeout,Constant
49,68,1,1,20,Timeout,Constant
49,79,1,1,20,Timeout,Constant
49,80,1,1,20,Timeout,Constant
49,81,1,1,20,Timeout,Constant
49,82,1,1,20,Timeout,Constant
49,83,1,1,20,Timeout,Constant
49,85,1,1,20,Timeout,Constant
49,86,1,1,20,Timeout,Constant
49,87,1,1,20,Timeout,Constant
49,88,1,1,20,Timeout,Constant
49,89,1,1,20,Timeout,Constant
49,90,1,1,20,Timeout,Constant
49,92,1,1,20,Timeout,Constant
49,94,1,1,20,Timeout,Constant
49,95,1,1,20,Timeout,Constant
49,97,1,1,20,Timeout,Constant
49,99,1,1,20,Timeout,Constant
50,68,1,1,20,Timeout,Constant
50,72,1,1,20,Timeout,Constant
50,76,1,1,20,Timeout,Constant
50,80,1,1,20,Timeout,Constant
50,88,1,1,20,Timeout,Constant
50,94,1,1,20,Timeout,Constant
50,98,1,1,20,Timeout,Constant
50,99,1,1,20,Timeout,Constant
51,29,1,1,20,SRQPONMLJI...,Constant
51,62,1,1,20,Timeout,Constant
51,64,1,1,20,Timeout,Constant
51,65,1,1,20,Timeout,Constant
51,66,1,1,20,Timeout,Constant
51,67,1,1,20,Timeout,Constant
51,68,1,1,20,Timeout,Constant
51,70,1,1,20,Timeout,Constant
51,73,1,1,20,Timeout,Constant
51,82,1,1,20,Timeout,Constant
51,84,1,1,20,Timeout,Constant
51,86,1,1,20,Timeout,Constant
51,88,1,1,20,Timeout,Constant
51,89,1,1,20,Timeout,Constant
51,91,1,1,20,Timeout,Constant
51,90,1,1,20,Timeout,Constant
51,92,1,1,20,Timeout,Constant
51,93,1,1,20,Timeout,Constant
51,94,1,1,20,Timeout,Constant
51,95,1,1,20,Timeout,Constant
51,96,1,1,20,Timeout,Constant
51,97,1,1,20,Timeout,Constant
51,99,1,1,20,Timeout,Constant
52,40,1,1,20,Timeout,Constant
52,65,1,1,20,Timeout,Constant
52,68,1,1,20,Timeout,Constant
52,71,1,1,20,Timeout,Constant
52,72,1,1,20,Timeout,Constant
52,76,1,1,20,Timeout,Constant
52,80,1,1,20,Timeout,Constant
52,82,1,1,20,Timeout,Constant
52,83,1,1,20,Timeout,Constant
52,88,1,1,20,Timeout,Constant
52,92,1,1,20,Timeout,Constant
52,94,1,1,20,Timeout,Constant
52,98,1,1,20,Timeout,Constant
52,99,1,1,20,Timeout,Constant
53,38,1,1,20,Timeout,Constant
53,54,1,1,20,"[52,50,48,46,44,42,40,38,36,34,...]",Constant
53,61,1,1,20,Timeout,Constant
53,63,1,1,20,Timeout,Constant
53,67,1,1,20,Timeout,Constant
53,68,1,1,20,Timeout,Constant
53,70,1,1,20,Timeout,Constant
53,71,1,1,20,Timeout,Constant
53,72,1,1,20,Timeout,Constant
53,74,1,1,20,Timeout,Constant
53,75,1,1,20,Timeout,Constant
53,77,1,1,20,Timeout,Constant
53,86,1,1,20,Timeout,Constant
53,87,1,1,20,Timeout,Constant
53,88,1,1,20,Timeout,Constant
53,89,1,1,20,Timeout,Constant
53,90,1,1,20,Timeout,Constant
53,91,1,1,20,Timeout,Constant
53,92,1,1,20,Timeout,Constant
53,93,1,1,20,Timeout,Constant
53,94,1,1,20,Timeout,Constant
53,95,1,1,20,Timeout,Constant
53,96,1,1,20,Timeout,Constant
53,97,1,1,20,Timeout,Constant
53,98,1,1,20,Timeout,Constant
53,99,1,1,20,Timeout,Constant
53,100,1,1,20,Timeout,Constant
54,40,1,1,20,Timeout,Constant
54,68,1,1,20,Timeout,Constant
54,72,1,1,20,Timeout,Constant
54,76,1,1,20,Timeout,Constant
54,80,1,1,20,Timeout,Constant
54,83,1,1,20,Timeout,Constant
54,88,1,1,20,Timeout,Constant
54,94,1,1,20,Timeout,Constant
54,98,1,1,20,Timeout,Constant
54,99,1,1,20,Timeout,Constant
55,62,1,1,20,Timeout,Constant
55,64,1,1,20,Timeout,Constant
55,65,1,1,20,Timeout,Constant
55,66,1,1,20,Timeout,Constant
55,67,1,1,20,Timeout,Constant
55,68,1,1,20,Timeout,Constant
55,69,1,1,20,Timeout,Constant
55,70,1,1,20,Timeout,Constant
55,72,1,1,20,Timeout,Constant
55,73,1,1,20,Timeout,Constant
55,74,1,1,20,Timeout,Constant
55,77,1,1,20,Timeout,Constant
55,86,1,1,20,Timeout,Constant
55,87,1,1,20,Timeout,Constant
55,88,1,1,20,Timeout,Constant
55,89,1,1,20,Timeout,Constant
55,91,1,1,20,Timeout,Constant
55,92,1,1,20,Timeout,Constant
55,93,1,1,20,Timeout,Constant
55,94,1,1,20,Timeout,Constant
55,95,1,1,20,Timeout,Constant
55,96,1,1,20,Timeout,Constant
55,98,1,1,20,Timeout,Constant
55,99,1,1,20,Timeout,Constant
55,100,1,1,20,Timeout,Constant
56,40,1,1,20,Timeout,Constant
56,68,1,1,20,Timeout,Constant
56,72,1,1,20,Timeout,Constant
56,76,1,1,20,Timeout,Constant
56,80,1,1,20,Timeout,Constant
56,83,1,1,20,Timeout,Constant
56,88,1,1,20,Timeout,Constant
56,94,1,1,20,Timeout,Constant
56,98,1,1,20,Timeout,Constant
56,99,1,1,20,Timeout,Constant
57,51,1,1,20,Timeout,Constant
57,58,1,1,20,"[56,54,52,50,48,46,44,42,40,38,...]",Constant
57,66,1,1,20,Timeout,Constant
57,68,1,1,20,Timeout,Constant
57,69,1,1,20,Timeout,Constant
57,70,1,1,20,Timeout,Constant
57,71,1,1,20,Timeout,Constant
57,72,1,1,20,Timeout,Constant
57,73,1,1,20,Timeout,Constant
57,74,1,1,20,Timeout,Constant
57,75,1,1,20,Timeout,Constant
57,76,1,1,20,Timeout,Constant
57,77,1,1,20,Timeout,Constant
57,78,1,1,20,Timeout,Constant
57,79,1,1,20,Timeout,Constant
57,81,1,1,20,Timeout,Constant
57,92,1,1,20,Timeout,Constant
57,93,1,1,20,Timeout,Constant
57,94,1,1,20,Timeout,Constant
57,95,1,1,20,Timeout,Constant
57,96,1,1,20,Timeout,Constant
57,97,1,1,20,Timeout,Constant
57,98,1,1,20,Timeout,Constant
57,99,1,1,20,Timeout,Constant
57,100,1,1,20,Timeout,Constant
58,46,1,1,20,Timeout,Constant
58,68,1,1,20,Timeout,Constant
58,72,1,1,20,Timeout,Constant
58,76,1,1,20,Timeout,Constant
58,80,1,1,20,Timeout,Constant
58,82,1,1,20,Timeout,Constant
58,83,1,1,20,Timeout,Constant
58,88,1,1,20,Timeout,Constant
58,94,1,1,20,Timeout,Constant
58,97,1,1,20,Timeout,Constant
58,99,1,1,20,Timeout,Constant
59,38,1,1,20,Timeout,Constant
59,48,1,1,20,Timeout,Constant
59,69,1,1,20,Timeout,Constant
59,70,1,1,20,Timeout,Constant
59,71,1,1,20,Timeout,Constant
59,72,1,1,20,Timeout,Constant
59,74,1,1,20,Timeout,Constant
59,75,1,1,20,Timeout,Constant
59,76,1,1,20,Timeout,Constant
59,77,1,1,20,Timeout,Constant
59,78,1,1,20,Timeout,Constant
59,79,1,1,20,Timeout,Constant
59,80,1,1,20,Timeout,Constant
59,81,1,1,20,Timeout,Constant
59,82,1,1,20,Timeout,Constant
59,84,1,1,20,Timeout,Constant
59,85,1,1,20,Timeout,Constant
59,89,1,1,20,Timeout,Constant
59,92,1,1,20,Timeout,Constant
59,93,1,1,20,Timeout,Constant
59,94,1,1,20,Timeout,Constant
59,95,1,1,20,Timeout,Constant
59,96,1,1,20,Timeout,Constant
59,97,1,1,20,Timeout,Constant
59,98,1,1,20,Timeout,Constant
59,99,1,1,20,Timeout,Constant
59,100,1,1,20,Timeout,Constant
60,68,1,1,20,Timeout,Constant
60,72,1,1,20,Timeout,Constant
60,76,1,1,20,Timeout,Constant
60,80,1,1,20,Timeout,Constant
60,82,1,1,20,Timeout,Constant
60,83,1,1,20,Timeout,Constant
60,88,1,1,20,Timeout,Constant
60,94,1,1,20,Timeout,Constant
60,98,1,1,20,Timeout,Constant
60,99,1,1,20,Timeout,Constant
61,48,1,1,20,Timeout,Constant
61,51,1,1,20,Timeout,Constant
61,54,1,1,20,Timeout,Constant
61,69,1,1,20,Timeout,Constant
61,71,1,1,20,Timeout,Constant
61,72,1,1,20,Timeout,Constant
61,73,1,1,20,Timeout,Constant
61,74,1,1,20,Timeout,Constant
61,75,1,1,20,Timeout,Constant
61,76,1,1,20,Timeout,Constant
61,77,1,1,20,Timeout,Constant
61,78,1,1,20,Timeout,Constant
61,79,1,1,20,Timeout,Constant
61,80,1,1,20,Timeout,Constant
61,81,1,1,20,Timeout,Constant
61,82,1,1,20,Timeout,Constant
61,83,1,1,20,Timeout,Constant
61,84,1,1,20,Timeout,Constant
61,87,1,1,20,Timeout,Constant
61,88,1,1,20,Timeout,Constant
61,89,1,1,20,Timeout,Constant
61,92,1,1,20,Timeout,Constant
61,94,1,1,20,Timeout,Constant
61,96,1,1,20,Timeout,Constant
61,98,1,1,20,Timeout,Constant
61,99,1,1,20,Timeout,Constant
61,100,1,1,20,Timeout,Constant
62,65,1,1,20,Timeout,Constant
62,68,1,1,20,Timeout,Constant
62,72,1,1,20,Timeout,Constant
62,76,1,1,20,Timeout,Constant
62,80,1,1,20,Timeout,Constant
62,83,1,1,20,Timeout,Constant
62,88,1,1,20,Timeout,Constant
62,94,1,1,20,Timeout,Constant
62,99,1,1,20,Timeout,Constant
62,100,1,1,20,Timeout,Constant
63,48,1,1,20,Timeout,Constant
63,70,1,1,20,Timeout,Constant
63,72,1,1,20,Timeout,Constant
63,74,1,1,20,Timeout,Constant
63,75,1,1,20,Timeout,Constant
63,76,1,1,20,Timeout,Constant
63,77,1,1,20,Timeout,Constant
63,78,1,1,20,Timeout,Constant
63,79,1,1,20,Timeout,Constant
63,80,1,1,20,Timeout,Constant
63,81,1,1,20,Timeout,Constant
63,82,1,1,20,Timeout,Constant
63,83,1,1,20,Timeout,Constant
63,84,1,1,20,Timeout,Constant
63,85,1,1,20,Timeout,Constant
63,86,1,1,20,Timeout,Constant
63,87,1,1,20,Timeout,Constant
63,88,1,1,20,Timeout,Constant
63,89,1,1,20,Timeout,Constant
63,90,1,1,20,Timeout,Constant
63,91,1,1,20,Timeout,Constant
64,68,1,1,20,Timeout,Constant
64,76,1,1,20,Timeout,Constant
64,80,1,1,20,Timeout,Constant
64,88,1,1,20,Timeout,Constant
64,94,1,1,20,Timeout,Constant
64,99,1,1,20,Timeout,Constant
65,36,1,1,20,Timeout,Constant
65,48,1,1,20,Timeout,Constant
65,54,1,1,20,Timeout,Constant
65,55,1,1,20,Timeout,Constant
65,56,1,1,20,Timeout,Constant
65,70,1,1,20,Timeout,Constant
65,72,1,1,20,Timeout,Constant
65,74,1,1,20,Timeout,Constant
65,75,1,1,20,Timeout,Constant
65,76,1,1,20,Timeout,Constant
65,78,1,1,20,Timeout,Constant
65,79,1,1,20,Timeout,Constant
65,80,1,1,20,Timeout,Constant
65,81,1,1,20,Timeout,Constant
65,82,1,1,20,Timeout,Constant
65,83,1,1,20,Timeout,Constant
65,84,1,1,20,Timeout,Constant
65,85,1,1,20,Timeout,Constant
65,86,1,1,20,Timeout,Constant
65,87,1,1,20,Timeout,Constant
65,88,1,1,20,Timeout,Constant
65,89,1,1,20,Timeout,Constant
65,90,1,1,20,Timeout,Constant
65,91,1,1,20,Timeout,Constant
66,40,1,1,20,Timeout,Constant
66,68,1,1,20,Timeout,Constant
66,72,1,1,20,Timeout,Constant
66,76,1,1,20,Timeout,Constant
66,80,1,1,20,Timeout,Constant
66,83,1,1,20,Timeout,Constant
66,88,1,1,20,Timeout,Constant
66,94,1,1,20,Timeout,Constant
66,97,1,1,20,Timeout,Constant
66,99,1,1,20,Timeout,Constant
67,48,1,1,20,Timeout,Constant
67,50,1,1,20,Timeout,Constant
67,54,1,1,20,Timeout,Constant
67,55,1,1,20,Timeout,Constant
67,56,1,1,20,Timeout,Constant
67,59,1,1,20,Timeout,Constant
67,68,1,1,20,"[66,64,62,60,58,56,54,52,50,48,...]",Constant
67,74,1,1,20,Timeout,Constant
67,75,1,1,20,Timeout,Constant
67,77,1,1,20,Timeout,Constant
67,78,1,1,20,Timeout,Constant
67,79,1,1,20,Timeout,Constant
67,80,1,1,20,Timeout,Constant
67,82,1,1,20,Timeout,Constant
67,81,1,1,20,Timeout,Constant
67,83,1,1,20,Timeout,Constant
67,84,1,1,20,Timeout,Constant
67,85,1,1,20,Timeout,Constant
67,86,1,1,20,Timeout,Constant
67,87,1,1,20,Timeout,Constant
67,88,1,1,20,Timeout,Constant
67,89,1,1,20,Timeout,Constant
67,90,1,1,20,Timeout,Constant
67,91,1,1,20,Timeout,Constant
67,92,1,1,20,Timeout,Constant
67,93,1,1,20,Timeout,Constant
67,94,1,1,20,Timeout,Constant
67,95,1,1,20,Timeout,Constant
68,68,1,1,20,Timeout,Constant
68,72,1,1,20,Timeout,Constant
68,76,1,1,20,Timeout,Constant
68,80,1,1,20,Timeout,Constant
68,83,1,1,20,Timeout,Constant
68,88,1,1,20,Timeout,Constant
68,94,1,1,20,Timeout,Constant
68,99,1,1,20,Timeout,Constant
69,38,1,1,20,Timeout,Constant
69,50,1,1,20,Timeout,Constant
69,51,1,1,20,Timeout,Constant
69,54,1,1,20,Timeout,Constant
69,55,1,1,20,Timeout,Constant
69,56,1,1,20,Timeout,Constant
69,60,1,1,20,Timeout,Constant
69,63,1,1,20,Timeout,Constant
69,75,1,1,20,Timeout,Constant
69,76,1,1,20,Timeout,Constant
69,78,1,1,20,Timeout,Constant
69,79,1,1,20,Timeout,Constant
69,80,1,1,20,Timeout,Constant
69,81,1,1,20,Timeout,Constant
69,82,1,1,20,Timeout,Constant
69,83,1,1,20,Timeout,Constant
69,84,1,1,20,Timeout,Constant
69,85,1,1,20,Timeout,Constant
69,86,1,1,20,Timeout,Constant
69,87,1,1,20,Timeout,Constant
69,88,1,1,20,Timeout,Constant
69,89,1,1,20,Timeout,Constant
69,90,1,1,20,Timeout,Constant
69,91,1,1,20,Timeout,Constant
69,92,1,1,20,Timeout,Constant
69,93,1,1,20,Timeout,Constant
69,94,1,1,20,Timeout,Constant
69,95,1,1,20,Timeout,Constant
69,97,1,1,20,Timeout,Constant
69,98,1,1,20,Timeout,Constant
70,68,1,1,20,Timeout,Constant
70,76,1,1,20,Timeout,Constant
70,80,1,1,20,Timeout,Constant
70,88,1,1,20,Timeout,Constant
70,94,1,1,20,Timeout,Constant
70,99,1,1,20,Timeout,Constant
71,48,1,1,20,Timeout,Constant
71,54,1,1,20,Timeout,Constant
71,55,1,1,20,Timeout,Constant
71,59,1,1,20,Timeout,Constant
71,60,1,1,20,Timeout,Constant
71,62,1,1,20,Timeout,Constant
71,75,1,1,20,Timeout,Constant
71,76,1,1,20,Timeout,Constant
71,77,1,1,20,Timeout,Constant
71,80,1,1,20,Timeout,Constant
71,79,1,1,20,Timeout,Constant
71,82,1,1,20,Timeout,Constant
71,81,1,1,20,Timeout,Constant
71,84,1,1,20,Timeout,Constant
71,83,1,1,20,Timeout,Constant
71,85,1,1,20,Timeout,Constant
71,86,1,1,20,Timeout,Constant
71,87,1,1,20,Timeout,Constant
71,88,1,1,20,Timeout,Constant
71,89,1,1,20,Timeout,Constant
71,90,1,1,20,Timeout,Constant
71,91,1,1,20,Timeout,Constant
71,92,1,1,20,Timeout,Constant
71,93,1,1,20,Timeout,Constant
71,94,1,1,20,Timeout,Constant
71,95,1,1,20,Timeout,Constant
71,96,1,1,20,Timeout,Constant
71,97,1,1,20,Timeout,Constant
71,98,1,1,20,Timeout,Constant
71,100,1,1,20,Timeout,Constant
72,68,1,1,20,Timeout,Constant
72,76,1,1,20,Timeout,Constant
72,80,1,1,20,Timeout,Constant
72,88,1,1,20,Timeout,Constant
72,94,1,1,20,Timeout,Constant
72,99,1,1,20,Timeout,Constant
73,38,1,1,20,Timeout,Constant
73,48,1,1,20,Timeout,Constant
73,51,1,1,20,Timeout,Constant
73,54,1,1,20,Timeout,Constant
73,56,1,1,20,Timeout,Constant
73,60,1,1,20,Timeout,Constant
73,62,1,1,20,Timeout,Constant
73,63,1,1,20,Timeout,Constant
73,69,1,1,20,Timeout,Constant
73,79,1,1,20,Timeout,Constant
73,80,1,1,20,Timeout,Constant
73,81,1,1,20,Timeout,Constant
73,82,1,1,20,Timeout,Constant
73,83,1,1,20,Timeout,Constant
73,84,1,1,20,Timeout,Constant
73,85,1,1,20,Timeout,Constant
73,86,1,1,20,Timeout,Constant
73,87,1,1,20,Timeout,Constant
73,88,1,1,20,Timeout,Constant
73,89,1,1,20,Timeout,Constant
73,90,1,1,20,Timeout,Constant
73,91,1,1,20,Timeout,Constant
73,92,1,1,20,Timeout,Constant
73,93,1,1,20,Timeout,Constant
73,94,1,1,20,Timeout,Constant
73,95,1,1,20,Timeout,Constant
73,96,1,1,20,Timeout,Constant
73,97,1,1,20,Timeout,Constant
73,98,1,1,20,Timeout,Constant
73,99,1,1,20,Timeout,Constant
73,100,1,1,20,Timeout,Constant
74,68,1,1,20,Timeout,Constant
74,76,1,1,20,Timeout,Constant
74,80,1,1,20,Timeout,Constant
74,83,1,1,20,Timeout,Constant
74,88,1,1,20,Timeout,Constant
74,94,1,1,20,Timeout,Constant
74,99,1,1,20,Timeout,Constant
75,38,1,1,20,Timeout,Constant
75,48,1,1,20,Timeout,Constant
75,50,1,1,20,Timeout,Constant
75,54,1,1,20,Timeout,Constant
75,56,1,1,20,Timeout,Constant
75,59,1,1,20,Timeout,Constant
75,60,1,1,20,Timeout,Constant
75,62,1,1,20,Timeout,Constant
75,63,1,1,20,Timeout,Constant
75,71,1,1,20,Timeout,Constant
75,81,1,1,20,Timeout,Constant
75,82,1,1,20,Timeout,Constant
75,83,1,1,20,Timeout,Constant
75,84,1,1,20,Timeout,Constant
75,85,1,1,20,Timeout,Constant
75,86,1,1,20,Timeout,Constant
75,87,1,1,20,Timeout,Constant
75,88,1,1,20,Timeout,Constant
75,89,1,1,20,Timeout,Constant
75,90,1,1,20,Timeout,Constant
75,91,1,1,20,Timeout,Constant
75,92,1,1,20,Timeout,Constant
75,93,1,1,20,Timeout,Constant
75,94,1,1,20,Timeout,Constant
75,95,1,1,20,Timeout,Constant
75,96,1,1,20,Timeout,Constant
75,97,1,1,20,Timeout,Constant
75,98,1,1,20,Timeout,Constant
75,99,1,1,20,Timeout,Constant
75,100,1,1,20,Timeout,Constant
76,68,1,1,20,Timeout,Constant
76,76,1,1,20,Timeout,Constant
76,80,1,1,20,Timeout,Constant
76,83,1,1,20,Timeout,Constant
76,88,1,1,20,Timeout,Constant
76,94,1,1,20,Timeout,Constant
76,97,1,1,20,Timeout,Constant
76,99,1,1,20,Timeout,Constant
77,41,1,1,20,"[40,39,38,37,36,35,34,33,32,31,...]",Constant
77,48,1,1,20,Timeout,Constant
77,50,1,1,20,Timeout,Constant
77,54,1,1,20,Timeout,Constant
77,56,1,1,20,Timeout,Constant
77,59,1,1,20,Timeout,Constant
77,60,1,1,20,Timeout,Constant
77,62,1,1,20,Timeout,Constant
77,63,1,1,20,Timeout,Constant
77,67,1,1,20,Timeout,Constant
77,68,1,1,20,Timeout,Constant
77,69,1,1,20,Timeout,Constant
77,71,1,1,20,Timeout,Constant
77,82,1,1,20,Timeout,Constant
77,83,1,1,20,Timeout,Constant
77,84,1,1,20,Timeout,Constant
77,85,1,1,20,Timeout,Constant
77,86,1,1,20,Timeout,Constant
77,87,1,1,20,Timeout,Constant
77,88,1,1,20,Timeout,Constant
77,89,1,1,20,Timeout,Constant
77,90,1,1,20,Timeout,Constant
77,91,1,1,20,Timeout,Constant
77,92,1,1,20,Timeout,Constant
77,93,1,1,20,Timeout,Constant
77,94,1,1,20,Timeout,Constant
77,95,1,1,20,Timeout,Constant
77,96,1,1,20,Timeout,Constant
77,97,1,1,20,Timeout,Constant
77,98,1,1,20,Timeout,Constant
77,99,1,1,20,Timeout,Constant
77,100,1,1,20,Timeout,Constant
78,65,1,1,20,Timeout,Constant
78,76,1,1,20,Timeout,Constant
78,80,1,1,20,Timeout,Constant
78,88,1,1,20,Timeout,Constant
78,94,1,1,20,Timeout,Constant
78,99,1,1,20,Timeout,Constant
79,48,1,1,20,Timeout,Constant
79,50,1,1,20,Timeout,Constant
79,54,1,1,20,Timeout,Constant
79,55,1,1,20,Timeout,Constant
79,56,1,1,20,Timeout,Constant
79,59,1,1,20,Timeout,Constant
79,60,1,1,20,Timeout,Constant
79,62,1,1,20,Timeout,Constant
79,63,1,1,20,Timeout,Constant
79,67,1,1,20,Timeout,Constant
79,68,1,1,20,Timeout,Constant
79,69,1,1,20,Timeout,Constant
79,70,1,1,20,Timeout,Constant
79,71,1,1,20,Timeout,Constant
79,72,1,1,20,Timeout,Constant
79,73,1,1,20,Timeout,Constant
79,75,1,1,20,Timeout,Constant
79,84,1,1,20,Timeout,Constant
79,85,1,1,20,Timeout,Constant
79,87,1,1,20,Timeout,Constant
79,88,1,1,20,Timeout,Constant
79,89,1,1,20,Timeout,Constant
79,90,1,1,20,Timeout,Constant
79,91,1,1,20,Timeout,Constant
79,92,1,1,20,Timeout,Constant
79,93,1,1,20,Timeout,Constant
79,94,1,1,20,Timeout,Constant
79,95,1,1,20,Timeout,Constant
79,96,1,1,20,Timeout,Constant
79,97,1,1,20,Timeout,Constant
79,98,1,1,20,Timeout,Constant
79,99,1,1,20,Timeout,Constant
79,100,1,1,20,Timeout,Constant
80,68,1,1,20,Timeout,Constant
80,76,1,1,20,Timeout,Constant
80,80,1,1,20,Timeout,Constant
80,88,1,1,20,Timeout,Constant
80,94,1,1,20,Timeout,Constant
80,97,1,1,20,Timeout,Constant
80,99,1,1,20,Timeout,Constant
81,38,1,1,20,Timeout,Constant
81,50,1,1,20,Timeout,Constant
81,54,1,1,20,Timeout,Constant
81,56,1,1,20,Timeout,Constant
81,60,1,1,20,Timeout,Constant
81,62,1,1,20,Timeout,Constant
81,63,1,1,20,Timeout,Constant
81,68,1,1,20,Timeout,Constant
81,69,1,1,20,Timeout,Constant
81,70,1,1,20,Timeout,Constant
81,71,1,1,20,Timeout,Constant
81,72,1,1,20,Timeout,Constant
81,86,1,1,20,Timeout,Constant
81,87,1,1,20,Timeout,Constant
81,88,1,1,20,Timeout,Constant
81,89,1,1,20,Timeout,Constant
81,90,1,1,20,Timeout,Constant
81,91,1,1,20,Timeout,Constant
81,92,1,1,20,Timeout,Constant
81,93,1,1,20,Timeout,Constant
81,94,1,1,20,Timeout,Constant
81,95,1,1,20,Timeout,Constant
81,96,1,1,20,Timeout,Constant
81,97,1,1,20,Timeout,Constant
81,98,1,1,20,Timeout,Constant
81,99,1,1,20,Timeout,Constant
81,100,1,1,20,Timeout,Constant
82,65,1,1,20,Timeout,Constant
82,76,1,1,20,Timeout,Constant
82,80,1,1,20,Timeout,Constant
82,83,1,1,20,Timeout,Constant
82,88,1,1,20,Timeout,Constant
82,99,1,1,20,Timeout,Constant
83,38,1,1,20,Timeout,Constant
83,48,1,1,20,Timeout,Constant
83,50,1,1,20,Timeout,Constant
83,54,1,1,20,Timeout,Constant
83,56,1,1,20,Timeout,Constant
83,60,1,1,20,Timeout,Constant
83,62,1,1,20,Timeout,Constant
83,63,1,1,20,Timeout,Constant
83,67,1,1,20,Timeout,Constant
83,68,1,1,20,Timeout,Constant
83,70,1,1,20,Timeout,Constant
83,71,1,1,20,Timeout,Constant
83,72,1,1,20,Timeout,Constant
83,75,1,1,20,Timeout,Constant
83,79,1,1,20,Timeout,Constant
83,89,1,1,20,Timeout,Constant
83,90,1,1,20,Timeout,Constant
83,91,1,1,20,Timeout,Constant
83,92,1,1,20,Timeout,Constant
83,94,1,1,20,Timeout,Constant
83,95,1,1,20,Timeout,Constant
83,96,1,1,20,Timeout,Constant
83,97,1,1,20,Timeout,Constant
83,98,1,1,20,Timeout,Constant
83,99,1,1,20,Timeout,Constant
83,100,1,1,20,Timeout,Constant
84,76,1,1,20,Timeout,Constant
84,80,1,1,20,Timeout,Constant
84,83,1,1,20,Timeout,Constant
84,88,1,1,20,Timeout,Constant
84,94,1,1,20,Timeout,Constant
84,97,1,1,20,Timeout,Constant
84,99,1,1,20,Timeout,Constant
85,50,1,1,20,Timeout,Constant
85,54,1,1,20,Timeout,Constant
85,56,1,1,20,Timeout,Constant
85,60,1,1,20,Timeout,Constant
85,62,1,1,20,Timeout,Constant
85,63,1,1,20,Timeout,Constant
85,67,1,1,20,Timeout,Constant
85,68,1,1,20,Timeout,Constant
85,69,1,1,20,Timeout,Constant
85,70,1,1,20,Timeout,Constant
85,71,1,1,20,Timeout,Constant
85,72,1,1,20,Timeout,Constant
85,75,1,1,20,Timeout,Constant
85,78,1,1,20,Timeout,Constant
85,77,1,1,20,Timeout,Constant
85,79,1,1,20,Timeout,Constant
85,88,1,1,20,Timeout,Constant
85,90,1,1,20,Timeout,Constant
85,92,1,1,20,Timeout,Constant
85,93,1,1,20,Timeout,Constant
85,94,1,1,20,Timeout,Constant
85,95,1,1,20,Timeout,Constant
85,96,1,1,20,Timeout,Constant
85,97,1,1,20,Timeout,Constant
85,98,1,1,20,Timeout,Constant
85,99,1,1,20,Timeout,Constant
85,100,1,1,20,Timeout,Constant
86,76,1,1,20,Timeout,Constant
86,80,1,1,20,Timeout,Constant
86,83,1,1,20,Timeout,Constant
86,88,1,1,20,Timeout,Constant
86,94,1,1,20,Timeout,Constant
86,97,1,1,20,Timeout,Constant
86,99,1,1,20,Timeout,Constant
87,48,1,1,20,Timeout,Constant
87,54,1,1,20,Timeout,Constant
87,56,1,1,20,Timeout,Constant
87,60,1,1,20,Timeout,Constant
87,62,1,1,20,Timeout,Constant
87,67,1,1,20,Timeout,Constant
87,68,1,1,20,Timeout,Constant
87,69,1,1,20,Timeout,Constant
87,70,1,1,20,Timeout,Constant
87,71,1,1,20,Timeout,Constant
87,72,1,1,20,Timeout,Constant
87,75,1,1,20,Timeout,Constant
87,78,1,1,20,Timeout,Constant
87,77,1,1,20,Timeout,Constant
87,80,1,1,20,Timeout,Constant
87,93,1,1,20,Timeout,Constant
87,94,1,1,20,Timeout,Constant
87,95,1,1,20,Timeout,Constant
87,96,1,1,20,Timeout,Constant
87,97,1,1,20,Timeout,Constant
87,98,1,1,20,Timeout,Constant
87,99,1,1,20,Timeout,Constant
87,100,1,1,20,Timeout,Constant
88,76,1,1,20,Timeout,Constant
88,80,1,1,20,Timeout,Constant
88,88,1,1,20,Timeout,Constant
88,94,1,1,20,Timeout,Constant
88,97,1,1,20,Timeout,Constant
88,99,1,1,20,Timeout,Constant
89,48,1,1,20,Timeout,Constant
89,50,1,1,20,Timeout,Constant
89,54,1,1,20,Timeout,Constant
89,56,1,1,20,Timeout,Constant
89,60,1,1,20,Timeout,Constant
89,62,1,1,20,Timeout,Constant
89,63,1,1,20,Timeout,Constant
89,67,1,1,20,Timeout,Constant
89,68,1,1,20,Timeout,Constant
89,71,1,1,20,Timeout,Constant
89,72,1,1,20,Timeout,Constant
89,73,1,1,20,Timeout,Constant
89,75,1,1,20,Timeout,Constant
89,76,1,1,20,Timeout,Constant
89,77,1,1,20,Timeout,Constant
89,78,1,1,20,Timeout,Constant
89,79,1,1,20,Timeout,Constant
89,80,1,1,20,Timeout,Constant
89,83,1,1,20,Timeout,Constant
89,85,1,1,20,Timeout,Constant
89,92,1,1,20,Timeout,Constant
89,93,1,1,20,Timeout,Constant
89,95,1,1,20,Timeout,Constant
89,96,1,1,20,Timeout,Constant
89,97,1,1,20,Timeout,Constant
89,98,1,1,20,Timeout,Constant
89,99,1,1,20,Timeout,Constant
89,100,1,1,20,Timeout,Constant
90,76,1,1,20,Timeout,Constant
90,80,1,1,20,Timeout,Constant
90,83,1,1,20,Timeout,Constant
90,88,1,1,20,Timeout,Constant
90,94,1,1,20,Timeout,Constant
90,99,1,1,20,Timeout,Constant
91,48,1,1,20,Timeout,Constant
91,50,1,1,20,Timeout,Constant
91,54,1,1,20,Timeout,Constant
91,56,1,1,20,Timeout,Constant
91,60,1,1,20,Timeout,Constant
91,62,1,1,20,Timeout,Constant
91,67,1,1,20,Timeout,Constant
91,68,1,1,20,Timeout,Constant
91,69,1,1,20,Timeout,Constant
91,70,1,1,20,Timeout,Constant
91,71,1,1,20,Timeout,Constant
91,72,1,1,20,Timeout,Constant
91,73,1,1,20,Timeout,Constant
91,75,1,1,20,Timeout,Constant
91,76,1,1,20,Timeout,Constant
91,77,1,1,20,Timeout,Constant
91,78,1,1,20,Timeout,Constant
91,79,1,1,20,Timeout,Constant
91,80,1,1,20,Timeout,Constant
91,82,1,1,20,Timeout,Constant
91,83,1,1,20,Timeout,Constant
91,84,1,1,20,Timeout,Constant
91,85,1,1,20,Timeout,Constant
91,87,1,1,20,Timeout,Constant
91,96,1,1,20,Timeout,Constant
91,98,1,1,20,Timeout,Constant
91,99,1,1,20,Timeout,Constant
91,100,1,1,20,Timeout,Constant
92,76,1,1,20,Timeout,Constant
92,83,1,1,20,Timeout,Constant
92,88,1,1,20,Timeout,Constant
92,94,1,1,20,Timeout,Constant
92,97,1,1,20,Timeout,Constant
92,99,1,1,20,Timeout,Constant
93,48,1,1,20,Timeout,Constant
93,50,1,1,20,Timeout,Constant
93,54,1,1,20,Timeout,Constant
93,56,1,1,20,Timeout,Constant
93,60,1,1,20,Timeout,Constant
93,62,1,1,20,Timeout,Constant
93,63,1,1,20,Timeout,Constant
93,67,1,1,20,Timeout,Constant
93,68,1,1,20,Timeout,Constant
93,69,1,1,20,Timeout,Constant
93,70,1,1,20,Timeout,Constant
93,71,1,1,20,Timeout,Constant
93,72,1,1,20,Timeout,Constant
93,75,1,1,20,Timeout,Constant
93,76,1,1,20,Timeout,Constant
93,77,1,1,20,Timeout,Constant
93,78,1,1,20,Timeout,Constant
93,79,1,1,20,Timeout,Constant
93,80,1,1,20,Timeout,Constant
93,82,1,1,20,Timeout,Constant
93,83,1,1,20,Timeout,Constant
93,84,1,1,20,Timeout,Constant
93,85,1,1,20,Timeout,Constant
93,87,1,1,20,Timeout,Constant
93,98,1,1,20,Timeout,Constant
93,100,1,1,20,Timeout,Constant
94,65,1,1,20,Timeout,Constant
94,76,1,1,20,Timeout,Constant
94,83,1,1,20,Timeout,Constant
94,88,1,1,20,Timeout,Constant
94,94,1,1,20,Timeout,Constant
94,99,1,1,20,Timeout,Constant
95,48,1,1,20,Timeout,Constant
95,54,1,1,20,Timeout,Constant
95,56,1,1,20,Timeout,Constant
95,60,1,1,20,Timeout,Constant
95,62,1,1,20,Timeout,Constant
95,67,1,1,20,Timeout,Constant
95,68,1,1,20,Timeout,Constant
95,69,1,1,20,Timeout,Constant
95,70,1,1,20,Timeout,Constant
95,71,1,1,20,Timeout,Constant
95,72,1,1,20,Timeout,Constant
95,75,1,1,20,Timeout,Constant
95,76,1,1,20,Timeout,Constant
95,77,1,1,20,Timeout,Constant
95,78,1,1,20,Timeout,Constant
95,79,1,1,20,Timeout,Constant
95,80,1,1,20,Timeout,Constant
95,82,1,1,20,Timeout,Constant
95,83,1,1,20,Timeout,Constant
95,84,1,1,20,Timeout,Constant
95,85,1,1,20,Timeout,Constant
95,87,1,1,20,Timeout,Constant
95,89,1,1,20,Timeout,Constant
95,91,1,1,20,Timeout,Constant
95,100,1,1,20,Timeout,Constant
96,76,1,1,20,Timeout,Constant
96,83,1,1,20,Timeout,Constant
96,88,1,1,20,Timeout,Constant
96,94,1,1,20,Timeout,Constant
96,99,1,1,20,Timeout,Constant
97,50,1,1,20,Timeout,Constant
97,54,1,1,20,Timeout,Constant
97,56,1,1,20,Timeout,Constant
97,60,1,1,20,Timeout,Constant
97,62,1,1,20,Timeout,Constant
97,67,1,1,20,Timeout,Constant
97,68,1,1,20,Timeout,Constant
97,69,1,1,20,Timeout,Constant
97,70,1,1,20,Timeout,Constant
97,71,1,1,20,Timeout,Constant
97,72,1,1,20,Timeout,Constant
97,73,1,1,20,Timeout,Constant
97,75,1,1,20,Timeout,Constant
97,77,1,1,20,Timeout,Constant
97,78,1,1,20,Timeout,Constant
97,79,1,1,20,Timeout,Constant
97,80,1,1,20,Timeout,Constant
97,82,1,1,20,Timeout,Constant
97,83,1,1,20,Timeout,Constant
97,84,1,1,20,Timeout,Constant
97,85,1,1,20,Timeout,Constant
97,87,1,1,20,Timeout,Constant
97,88,1,1,20,Timeout,Constant
97,89,1,1,20,Timeout,Constant
97,91,1,1,20,Timeout,Constant
97,98,1,1,20,"[96,94,92,90,88,86,84,82,80,78,...]",Constant
98,33,1,1,20,Timeout,Constant
98,71,1,1,20,Timeout,Constant
98,76,1,1,20,Timeout,Constant
98,83,1,1,20,Timeout,Constant
98,88,1,1,20,Timeout,Constant
98,94,1,1,20,Timeout,Constant
98,97,1,1,20,Timeout,Constant
98,99,1,1,20,Timeout,Constant
99,48,1,1,20,Timeout,Constant
99,50,1,1,20,Timeout,Constant
99,54,1,1,20,Timeout,Constant
99,56,1,1,20,Timeout,Constant
99,60,1,1,20,Timeout,Constant
99,62,1,1,20,Timeout,Constant
99,67,1,1,20,Timeout,Constant
99,68,1,1,20,Timeout,Constant
99,72,1,1,20,Timeout,Constant
99,71,1,1,20,Timeout,Constant
99,75,1,1,20,Timeout,Constant
99,77,1,1,20,Timeout,Constant
99,78,1,1,20,Timeout,Constant
99,79,1,1,20,Timeout,Constant
99,80,1,1,20,Timeout,Constant
99,83,1,1,20,Timeout,Constant
99,84,1,1,20,Timeout,Constant
99,85,1,1,20,Timeout,Constant
99,87,1,1,20,Timeout,Constant
99,88,1,1,20,Timeout,Constant
99,91,1,1,20,Timeout,Constant
99,93,1,1,20,Timeout,Constant
99,95,1,1,20,Timeout,Constant
100,71,1,1,20,Timeout,Constant
100,76,1,1,20,Timeout,Constant
100,83,1,1,20,Timeout,Constant
100,88,1,1,20,Timeout,Constant
100,97,1,1,20,Timeout,Constant
100,99,1,1,20,Timeout,Constant
