Digits,Base,Unique Attractors,Unique Ratio,Dominant,Dominant Freq,Kaprekar Constant?
1,2,1,1.00,0,1.00,NO
1,3,1,1.00,0,1.00,NO
1,4,1,1.00,0,1.00,NO
1,5,1,1.00,0,1.00,NO
1,6,1,1.00,0,1.00,NO
1,7,1,1.00,0,1.00,NO
1,8,1,1.00,0,1.00,NO
1,9,1,1.00,0,1.00,NO
1,10,1,1.00,0,1.00,NO
1,11,1,1.00,0,1.00,NO
1,12,1,1.00,0,1.00,NO
1,13,1,1.00,0,1.00,NO
1,14,1,1.00,0,1.00,NO
1,15,1,1.00,0,1.00,NO
1,16,1,1.00,0,1.00,NO
1,17,1,1.00,0,1.00,NO
1,18,1,1.00,0,1.00,NO
1,19,1,1.00,0,1.00,NO
1,20,1,1.00,0,1.00,NO
1,21,1,1.00,0,1.00,NO
1,22,1,1.00,0,1.00,NO
1,23,1,1.00,0,1.00,NO
1,24,1,1.00,0,1.00,NO
1,25,1,1.00,0,1.00,NO
1,26,1,1.00,0,1.00,NO
1,27,1,1.00,0,1.00,NO
1,28,1,1.00,0,1.00,NO
1,29,1,1.00,0,1.00,NO
1,30,1,1.00,0,1.00,NO
2,2,1,0.01,01 → 01,1.00,YES
2,3,1,0.01,00 → 00,1.00,YES
2,4,2,0.02,03 → 21 → 03,0.78,NO
2,5,2,0.02,13 → 13,0.86,NO
2,6,3,0.03,23 → 05 → 41 → 23,0.50,NO
2,7,1,0.01,00 → 00,1.00,YES
2,8,4,0.04,43 → 07 → 61 → 43,0.35,NO
2,9,3,0.03,17 → 53 → 17,0.59,NO
2,10,5,0.05,27 → 45 → 09 → 81 → ...,0.35,NO
2,11,2,0.02,37 → 37,0.74,NO
2,12,6,0.06,0B → A1 → 83 → 47 → ...,0.31,NO
2,13,4,0.04,1B → 93 → 57 → 1B,0.39,NO
2,14,7,0.07,2B → 85 → 2B,0.27,NO
2,15,1,0.01,00 → 00,1.00,YES
2,16,7,0.07,4B → 69 → 2D → A5 → ...,0.19,NO
2,17,5,0.05,1F → D3 → 97 → 1F,0.39,NO
2,18,8,0.08,6B → 4D → 89 → 0H → ...,0.18,NO
2,19,3,0.03,3F → B7 → 3F,0.55,NO
2,20,10,0.10,8B → 2H → E5 → 8B,0.18,NO
2,21,6,0.06,5F → 9B → 1J → H3 → ...,0.27,NO
2,22,11,0.11,2J → G5 → AB → 0L → ...,0.19,NO
2,23,2,0.02,7F → 7F,0.69,NO
2,24,11,0.11,8F → 6H → AD → 2L → ...,0.17,NO
2,25,7,0.07,DB → 1N → L3 → H7 → ...,0.21,NO
2,26,12,0.12,0P → O1 → M3 → I7 → ...,0.13,NO
2,27,4,0.04,3N → J7 → BF → 3N,0.41,NO
2,28,13,0.13,K7 → CF → 2P → M5 → ...,0.12,NO
2,29,8,0.08,1R → P3 → L7 → DF → ...,0.21,NO
2,30,14,0.14,AJ → 8L → CH → 4P → ...,0.15,NO
3,2,1,0.01,011 → 011,1.00,YES
3,3,2,0.02,121 → 022 → 121,0.51,NO
3,4,1,0.01,132 → 132,1.00,YES
3,5,2,0.02,242 → 143 → 242,0.71,NO
3,6,1,0.01,253 → 253,1.00,YES
3,7,2,0.02,363 → 264 → 363,0.74,NO
3,8,1,0.01,374 → 374,1.00,YES
3,9,2,0.02,484 → 385 → 484,0.82,NO
3,10,1,0.01,495 → 495,1.00,YES
3,11,2,0.02,5A5 → 4A6 → 5A5,0.88,NO
3,12,1,0.01,5B6 → 5B6,1.00,YES
3,13,2,0.02,6C6 → 5C7 → 6C6,0.92,NO
3,14,1,0.01,6D7 → 6D7,1.00,YES
3,15,2,0.02,7E7 → 6E8 → 7E7,0.88,NO
3,16,1,0.01,7F8 → 7F8,1.00,YES
3,17,2,0.02,8G8 → 7G9 → 8G8,0.87,NO
3,18,1,0.01,8H9 → 8H9,1.00,YES
3,19,2,0.02,9I9 → 8IA → 9I9,0.93,NO
3,20,1,0.01,9JA → 9JA,1.00,YES
3,21,2,0.02,AKA → 9KB → AKA,0.93,NO
3,22,1,0.01,ALB → ALB,1.00,YES
3,23,2,0.02,BMB → AMC → BMB,0.95,NO
3,24,1,0.01,BNC → BNC,1.00,YES
3,25,2,0.02,COC → BOD → COC,0.96,NO
3,26,1,0.01,CPD → CPD,1.00,YES
3,27,2,0.02,DQD → CQE → DQD,0.95,NO
3,28,1,0.01,DRE → DRE,1.00,YES
3,29,2,0.02,ESE → DSF → ESE,0.94,NO
3,30,1,0.01,ETF → ETF,1.00,YES
4,2,2,0.02,0111 → 0111,0.61,NO
4,3,2,0.02,1221 → 1012 → 1221,0.74,NO
4,4,3,0.03,2022 → 1332 → 2022,0.40,NO
4,5,1,0.01,3032 → 3032,1.00,YES
4,6,6,0.06,4042 → 4132 → 3043 →...,0.24,NO
4,7,3,0.03,5052 → 5232 → 3054 →...,0.45,NO
4,8,8,0.08,3774 → 4244 → 1776 →...,0.40,NO
4,9,6,0.06,5254 → 3076 → 7252 →...,0.24,NO
4,10,1,0.01,6174 → 6174,1.00,YES
4,11,10,0.10,3098 → 9452 → 7094 →...,0.23,NO
4,12,9,0.09,8374 → 5287 → 6196 →...,0.31,NO
4,13,14,0.14,B0B2 → B832 → 9474 →...,0.13,NO
4,14,3,0.03,A574 → 61B8 → A1B4 →...,0.38,NO
4,15,20,0.20,B674 → 70D8 → D0D2 →...,0.10,NO
4,16,13,0.13,7FF8 → 8688 → 1FFE →...,0.27,NO
4,17,26,0.26,B2D6 → B4B6 → 74BA →...,0.12,NO
4,18,6,0.06,61FC → E5B4 → A5B8 →...,0.23,NO
4,19,33,0.33,F0H4 → HA72 → F2F4 →...,0.08,NO
4,20,7,0.07,C3F8 → C3F8,0.75,NO
4,21,38,0.38,F4F6 → B8BA → 30JI →...,0.07,NO
4,22,10,0.10,A1JC → I1J4 → ID74 →...,0.17,NO
4,23,42,0.42,J2J4 → HE76 → B6FC →...,0.05,NO
4,24,9,0.09,G7F8 → 96GF → A5HE →...,0.28,NO
4,25,48,0.48,HE98 → 94JG → F6HA →...,0.05,NO
4,26,15,0.15,A1NG → M5J4 → IDB8 →...,0.13,NO
4,27,54,0.54,HAFA → 74LK → HCDA →...,0.04,NO
4,28,3,0.03,C3NG → K3N8 → KBF8 →...,0.57,NO
4,29,61,0.61,R0R2 → RO32 → PK74 →...,0.04,NO
4,30,21,0.21,MDF8 → E1RG → Q1R4 →...,0.09,NO
5,2,2,0.02,10101 → 10101,0.73,NO
5,3,1,0.01,20211 → 20211,1.00,YES
5,4,2,0.02,20322 → 23331 → 2032...,0.90,NO
5,5,4,0.04,30432 → 40431 → 4241...,0.41,NO
5,6,3,0.03,41532 → 41532,0.67,NO
5,7,5,0.05,42633 → 40653 → 6164...,0.47,NO
5,8,6,0.06,63732 → 52743 → 5175...,0.71,NO
5,9,6,0.06,52854 → 60873 → 8384...,0.42,NO
5,10,10,0.10,74943 → 62964 → 7197...,0.37,NO
5,11,4,0.04,84A53 → 73A64 → 72A7...,0.47,NO
5,12,2,0.02,83B74 → 83B74,0.98,NO
5,13,3,0.03,83C85 → 92C94 → A4C7...,0.83,NO
5,14,5,0.05,A5D74 → 94D85 → 93D9...,0.61,NO
5,15,1,0.01,A4E95 → A4E95,1.00,YES
5,16,7,0.07,A3FB6 → C4FA4 → B7F7...,0.66,NO
5,17,4,0.04,C6G95 → B5GA6 → B4GB...,0.80,NO
5,18,1,0.01,C5HB6 → C5HB6,1.00,YES
5,19,7,0.07,C4ID7 → E5IC5 → D8I9...,0.63,NO
5,20,4,0.04,E7JB6 → D6JC7 → D5JD...,0.60,NO
5,21,1,0.01,E6KD7 → E6KD7,1.00,YES
5,22,7,0.07,E5LF8 → G6LE6 → F9LB...,0.53,NO
5,23,3,0.03,G8MD7 → F7ME8 → F6MF...,0.57,NO
5,24,2,0.02,G7NF8 → G7NF8,0.98,NO
5,25,5,0.05,G6OH9 → I7OG7 → HAOD...,0.57,NO
5,26,4,0.04,I9PF8 → H8PG9 → H7PH...,0.56,NO
5,27,1,0.01,I8QH9 → I8QH9,1.00,YES
5,28,5,0.05,I7RJA → K8RI8 → JBRF...,0.46,NO
5,29,3,0.03,KASH9 → J9SIA → J8SJ...,0.52,NO
5,30,1,0.01,K9TJA → K9TJA,1.00,YES
6,2,3,0.03,101101 → 101101,0.43,NO
6,3,3,0.03,210111 → 122221 → 10...,0.71,NO
6,4,3,0.03,310221 → 310221,0.87,NO
6,5,5,0.05,304432 → 414421 → 33...,0.39,NO
6,6,5,0.05,525521 → 432222 → 20...,0.31,NO
6,7,6,0.06,320544 → 520542 → 53...,0.31,NO
6,8,3,0.03,640632 → 640632,0.87,NO
6,9,11,0.11,520764 → 740742 → 74...,0.38,NO
6,10,8,0.08,851742 → 750843 → 84...,0.37,NO
6,11,4,0.04,531876 → 740964 → 93...,0.61,NO
6,12,8,0.08,642876 → 62BB86 → 95...,0.50,NO
6,13,1,0.01,951A74 → 951A74,1.00,YES
6,14,10,0.10,A60C74 → C60C72 → CA...,0.64,NO
6,15,10,0.10,C9EE43 → BA2B44 → 97...,0.31,NO
6,16,12,0.12,C91D64 → C82C74 → A8...,0.45,NO
6,17,1,0.01,D91E74 → D91E74,1.00,YES
6,18,17,0.17,EA2E74 → CA2E76 → C6...,0.43,NO
6,19,12,0.12,F73EB4 → CA3E87 → B5...,0.36,NO
6,20,21,0.21,851HEC → G93FA4 → DB...,0.19,NO
6,21,7,0.07,H73GD4 → EC5E87 → 97...,0.51,NO
6,22,12,0.12,G64GF6 → CA8CBA → 42...,0.74,NO
6,23,19,0.19,F80LE8 → L75GF2 → JB...,0.30,NO
6,24,20,0.20,A73JGE → G93JE8 → G8...,0.41,NO
6,25,14,0.14,F93KFA → H64JI8 → FC...,0.77,NO
6,26,7,0.07,IA4KF8 → GA4KFA → G6...,0.89,NO
6,27,28,0.28,JB3MF8 → JB3MF8,0.36,NO
6,28,17,0.17,GB3NGC → K53NM8 → KH...,0.59,NO
6,29,27,0.27,H51QNC → PI4NA4 → LJ...,0.20,NO
6,30,30,0.30,MF7LE8 → FD0SGF → S2...,0.30,NO
7,2,3,0.03,1101001 → 1101001,0.68,NO
7,3,3,0.03,2102111 → 2022211 → ...,0.41,NO
7,4,1,0.01,3203211 → 3203211,1.00,YES
7,5,4,0.04,4314211 → 3314212 → ...,0.60,NO
7,6,2,0.02,4405412 → 5315321 → ...,0.93,NO
7,7,6,0.06,6316431 → 5506512 → ...,0.61,NO
7,8,12,0.12,6427432 → 5407633 → ...,0.28,NO
7,9,2,0.02,6518633 → 7328552 → ...,0.87,NO
7,10,8,0.08,8429652 → 7619733 → ...,0.68,NO
7,11,13,0.13,954A552 → 84AAA53 → ...,0.42,NO
7,12,10,0.10,863B754 → 841B974 → ...,0.60,NO
7,13,13,0.13,A53C873 → 972C954 → ...,0.30,NO
7,14,7,0.07,A62DA74 → B63D973 → ...,0.36,NO
7,15,15,0.15,B83EA64 → B73EA74 → ...,0.31,NO
7,16,16,0.16,B62FC95 → D74FA83 → ...,0.18,NO
7,17,7,0.07,C93GC75 → D74GB94 → ...,0.62,NO
7,18,4,0.04,F94HC83 → EB3HD64 → ...,0.81,NO
7,19,8,0.08,E93IE95 → F94ID94 → ...,0.42,NO
7,20,12,0.12,F84JEB5 → FA5JD95 → ...,0.31,NO
7,21,5,0.05,FB4KF96 → G95KEB5 → ...,0.61,NO
7,22,3,0.03,IB5LFA4 → HD4LG85 → ...,0.83,NO
7,23,6,0.06,HB4MHB6 → IB5MGB5 → ...,0.37,NO
7,24,14,0.14,ID4NIA6 → JC7NFB5 → ...,0.22,NO
7,25,6,0.06,ID5OIB7 → JB6OHD6 → ...,0.55,NO
7,26,3,0.03,LD6PIC5 → KF5PJA6 → ...,0.91,NO
7,27,5,0.05,LD8QHD6 → KD3QMD7 → ...,0.42,NO
7,28,17,0.17,LF5RLC7 → ME8RID6 → ...,0.17,NO
7,29,4,0.04,LF6SLD8 → MD7SKF7 → ...,0.59,NO
7,30,3,0.03,OF7TLE6 → NH6TMC7 → ...,0.80,NO
8,2,4,0.04,11011001 → 11011001,0.46,NO
8,3,1,0.01,21022111 → 21022111,1.00,YES
8,4,5,0.05,31333311 → 22133112 ...,0.51,NO
8,5,6,0.06,32203222 → 30444432 ...,0.47,NO
8,6,13,0.13,53304221 → 53104421 ...,0.21,NO
8,7,5,0.05,42166443 → 54066522 ...,0.51,NO
8,8,5,0.05,64306432 → 64106632 ...,0.69,NO
8,9,4,0.04,75388432 → 65407433 ...,0.87,NO
8,10,11,0.11,86526432 → 64308654 ...,0.46,NO
8,11,10,0.10,86418643 → 75218854 ...,0.37,NO
8,12,19,0.19,A7537642 → 8430A874 ...,0.37,NO
8,13,4,0.04,9541A874 → 9541A874,0.91,NO
8,14,9,0.09,CA70C632 → CA70C632,0.73,NO
8,15,23,0.23,B741CA74 → B75EE874 ...,0.28,NO
8,16,11,0.11,E852CA72 → CA50EA54 ...,0.44,NO
8,17,10,0.10,951GGEB8 → FB61EA52 ...,0.61,NO
8,18,24,0.24,GA74CA72 → E832EE94 ...,0.18,NO
8,19,11,0.11,FBA3E874 → CA41GE87 ...,0.37,NO
8,20,7,0.07,IC96CA72 → G650IED4 ...,0.51,NO
8,21,12,0.12,HA53GFA4 → EC9KKA87 ...,0.36,NO
8,22,15,0.15,KIF6E632 → IF97DC64 ...,0.68,NO
8,23,15,0.15,IHC0LA55 → LDC1KA92 ...,0.44,NO
8,24,10,0.10,GEB4IC98 → E850MIFA ...,0.50,NO
8,25,13,0.13,D981MGFC → L860NIG4 ...,0.62,NO
8,26,15,0.15,IGB0OE98 → OA72MIF2 ...,0.34,NO
8,27,20,0.20,JB41OMF8 → NIB3MF84 ...,0.41,NO
8,28,16,0.16,KDB9HGE8 → C850QMJG ...,0.60,NO
8,29,14,0.14,LHC1QGB8 → PD63OMF4 ...,0.48,NO
8,30,8,0.08,QOF0SE54 → SMJ0SA72 ...,0.60,NO
9,2,4,0.04,111010001 → 11101000...,0.48,NO
9,3,6,0.06,221021101 → 22022210...,0.31,NO
9,4,3,0.03,321032211 → 32103221...,0.72,NO
9,5,1,0.01,432043211 → 43204321...,1.00,YES
9,6,2,0.02,441054412 → 53315322...,0.97,NO
9,7,10,0.10,643263321 → 54166642...,0.72,NO
9,8,13,0.13,754373321 → 65207652...,0.61,NO
9,9,11,0.11,854186431 → 77308751...,0.26,NO
9,10,12,0.12,863098632 → 96529643...,0.37,NO
9,11,6,0.06,9552A7552 → 871AAA83...,0.51,NO
9,12,18,0.18,B873B7431 → A852B863...,0.21,NO
9,13,8,0.08,B963C8632 → A861CA64...,0.79,NO
9,14,5,0.05,C884D8552 → B832DAA5...,0.76,NO
9,15,10,0.10,C961EC853 → D972EB75...,0.80,NO
9,16,14,0.14,D873FB873 → CA40FEB5...,0.28,NO
9,17,9,0.09,E972GD973 → EB61GEA5...,0.69,NO
9,18,14,0.14,EA73HDA74 → EA62HEB7...,0.42,NO
9,19,2,0.02,GBA5IC873 → FB52IFD7...,0.99,NO
9,20,13,0.13,ID94JEA62 → HE83JFB5...,0.69,NO
9,21,16,0.16,HF82KHC54 → IDC6KD87...,0.36,NO
9,22,11,0.11,IC92LIC94 → JE92LIC7...,0.32,NO
9,23,23,0.23,IDA4MHC95 → ID82MJE9...,0.23,NO
9,24,16,0.16,JE94NIE95 → JE94NIE9...,0.50,NO
9,25,22,0.22,KFA4OJE95 → KFA4OJE9...,0.39,NO
9,26,1,0.01,LG93PLG95 → MGC6PID9...,1.00,YES
9,27,6,0.06,LFC5QKEB6 → LF92QNHB...,0.37,NO
9,28,10,0.10,MGB5RLGB6 → MGA4RMHB...,0.31,NO
9,29,14,0.14,NHB4SNHB6 → OHC5SMGB...,0.48,NO
9,30,3,0.03,OIC5TNHB6 → OIC5TNHB...,0.91,NO
10,2,5,0.05,1110110001 → 1110110...,0.36,NO
10,3,4,0.04,2210221101 → 2210221...,0.69,NO
10,4,5,0.05,3111022221 → 3111022...,0.52,NO
10,5,4,0.04,4331033111 → 4222122...,0.43,NO
10,6,9,0.09,4321044322 → 4321044...,0.31,NO
10,7,4,0.04,6432663321 → 5440665...,0.66,NO
10,8,10,0.10,6543064322 → 6431066...,0.22,NO
10,9,7,0.07,7521886632 → 7653075...,0.48,NO
10,10,16,0.16,8653266432 → 6433086...,0.38,NO
10,11,17,0.17,8753097533 → 9543AA6...,0.31,NO
10,12,9,0.09,A8530A8632 → A8550A6...,0.37,NO
10,13,10,0.10,95441A8874 → 95441A8...,0.55,NO
10,14,14,0.14,CA730CA632 → CA770C6...,0.38,NO
10,15,4,0.04,B7641CA874 → B761EEC...,0.54,NO
10,16,20,0.20,E8552CAA72 → CA550EA...,0.25,NO
10,17,10,0.10,DA943CC764 → A8841EC...,0.56,NO
10,18,7,0.07,C7652ECBA6 → C7652EC...,0.36,NO
10,19,11,0.11,FBA63EC874 → CA641GE...,0.38,NO
10,20,15,0.15,IGD30IG632 → IGDD6C6...,0.43,NO
10,21,11,0.11,HFCC3G8854 → ECA43GG...,0.80,NO
10,22,9,0.09,KFF95FC662 → IA992IC...,0.47,NO
10,23,27,0.27,JFC61KGA74 → JFA81KE...,0.23,NO
10,24,28,0.28,KIH70MG654 → MGDB8EC...,0.33,NO
10,25,19,0.19,HDA87GGEB8 → A8841MK...,0.23,NO
10,26,26,0.26,OI310OOM72 → ONMJAE6...,0.23,NO
10,27,4,0.04,NJIC1OE874 → NJCA1OG...,0.92,NO
10,28,16,0.16,QOD30QOE32 → QOLL0Q6...,0.31,NO
10,29,12,0.12,LHC41QOGB8 → PKD63OM...,0.70,NO
10,30,19,0.19,SMB30SQI72 → SQNF6ME...,0.52,NO
11,2,5,0.05,11110100001 → 111101...,0.45,NO
11,3,10,0.10,22210211001 → 222022...,0.27,NO
11,4,6,0.06,33210322101 → 332103...,0.41,NO
11,5,4,0.04,43320432111 → 432204...,0.46,NO
11,6,4,0.04,44110544412 → 533315...,0.74,NO
11,7,1,0.01,65430653211 → 654306...,1.00,YES
11,8,11,0.11,75441753321 → 663207...,0.30,NO
11,9,6,0.06,87530875311 → 876418...,0.52,NO
11,10,12,0.12,86420987532 → 966419...,0.47,NO
11,11,15,0.15,97530A97532 → A7641A...,0.28,NO
11,12,15,0.15,B8862B85331 → A9552B...,0.42,NO
11,13,8,0.08,C9852C97431 → BA652C...,0.59,NO
11,14,12,0.12,C8874D86552 → B8331D...,0.43,NO
11,15,15,0.15,D9974E97552 → C9441E...,0.55,NO
11,16,12,0.12,CA641FDB954 → E9863F...,0.37,NO
11,17,9,0.09,EB851GEB853 → FB962G...,0.63,NO
11,18,11,0.11,FCA84HC9753 → EB751H...,0.28,NO
11,19,7,0.07,GEC83IEA643 → FDA83I...,0.71,NO
11,20,6,0.06,GC652JGED74 → HCB85J...,0.64,NO
11,21,27,0.27,JEB94KFB962 → IF951K...,0.26,NO
11,22,15,0.15,IEC82LID974 → JEB63L...,0.24,NO
11,23,18,0.18,JFB62MJGB74 → KFD93M...,0.28,NO
11,24,10,0.10,KGD72NKGA74 → LGD95N...,0.44,NO
11,25,5,0.05,KHC82OLGC75 → MGD93O...,0.34,NO
11,26,12,0.12,LGD82PMHC95 → NHD83P...,0.38,NO
11,27,6,0.06,MHD94QLHD95 → MHC83Q...,0.88,NO
11,28,13,0.13,OKC73RNKF74 → OKGD7R...,0.75,NO
11,29,20,0.20,OLE84SNKE75 → OJGD5S...,0.45,NO
11,30,9,0.09,RKGC5TNHD93 → QME83T...,0.26,NO
12,2,5,0.05,111101100001 → 11110...,0.32,NO
12,3,3,0.03,222102211001 → 22210...,0.48,NO
12,4,7,0.07,331110222201 → 33111...,0.30,NO
12,5,6,0.06,332210332212 → 32204...,0.76,NO
12,6,12,0.12,533110444221 → 53331...,0.35,NO
12,7,6,0.06,644166664221 → 55441...,0.48,NO
12,8,20,0.20,654310664322 → 65431...,0.19,NO
12,9,6,0.06,754421664432 → 64418...,0.74,NO
12,10,19,0.19,865332666432 → 64333...,0.21,NO
12,11,6,0.06,88742AA76323 → 88553...,0.93,NO
12,12,23,0.23,A98530A86322 → A8755...,0.26,NO
12,13,8,0.08,985320BA9744 → B8654...,0.44,NO
12,14,27,0.27,CA7330CAA632 → CA777...,0.11,NO
12,15,8,0.08,B96621CC8854 → BA742...,0.44,NO
12,16,26,0.26,E98552CAA762 → CA553...,0.20,NO
12,17,10,0.10,DA9843CC8764 → A8841...,0.37,NO
12,18,25,0.25,ECB954CC8654 → A8775...,0.20,NO
12,19,9,0.09,FBA641GEC874 → FBA64...,0.43,NO
12,20,10,0.10,GEB990IAA854 → IC931...,0.68,NO
12,21,18,0.18,ECC863GEC887 → D8744...,0.23,NO
12,22,17,0.17,KIFF96EC6632 → IF998...,0.57,NO
12,23,10,0.10,JHEA61KGC854 → JFCA6...,0.69,NO
12,24,28,0.28,MKHB50MIC632 → MKHDB...,0.26,NO
12,25,8,0.08,LC963OOKIFC4 → LKFB6...,0.88,NO
12,26,28,0.28,MG5330OMMK94 → OJJIF...,0.53,NO
12,27,11,0.11,NJICA1OGE874 → NJCA6...,0.30,NO
12,28,11,0.11,QOLFD2OEC632 → OMLF3...,0.74,NO
12,29,8,0.08,PLGE83OKEC74 → MKEC3...,0.58,NO
12,30,18,0.18,QGB770SMMID4 → SMFF7...,0.46,NO
13,2,5,0.05,1111101000001 → 1111...,0.40,NO
13,3,11,0.11,2222102110001 → 2222...,0.18,NO
13,4,5,0.05,3211103222211 → 3211...,0.32,NO
13,5,9,0.09,4320444443211 → 4332...,0.28,NO
13,6,6,0.06,4411105444412 → 5333...,0.48,NO
13,7,8,0.08,6554216442111 → 5544...,0.45,NO
13,8,12,0.12,7544207653321 → 7643...,0.19,NO
13,9,8,0.08,8753218665311 → 7764...,0.45,NO
13,10,16,0.16,9664319765331 → 8843...,0.20,NO
13,11,7,0.07,A76430A976431 → A964...,0.48,NO
13,12,17,0.17,B88641B975331 → AA65...,0.45,NO
13,13,11,0.11,BB8753C875412 → B984...,0.47,NO
13,14,13,0.13,CB7531DBA8622 → CA98...,0.75,NO
13,15,2,0.02,DB9752EB97532 → CB86...,0.98,NO
13,16,8,0.08,DA9741FDB8653 → EA96...,0.56,NO
13,17,6,0.06,FD9652GDBA732 → EDA8...,0.50,NO
13,18,4,0.04,FC9641HFDB853 → GCB8...,0.61,NO
13,19,9,0.09,GDC952IFD9653 → GDA8...,0.48,NO
13,20,18,0.18,GD7541JHFEC64 → IDCA...,0.46,NO
13,21,7,0.07,HFE952KHFB654 → IDCA...,0.53,NO
13,22,12,0.12,IGCA73LHEB954 → IEC9...,0.60,NO
13,23,20,0.20,JGEA62MJGC864 → KFDA...,0.38,NO
13,24,19,0.19,KHB851NLIFC64 → MHFC...,0.28,NO
13,25,20,0.20,MHFB83OKGD973 → LJD9...,0.23,NO
13,26,32,0.32,MKEA83PLHFB54 → MIGC...,0.13,NO
13,27,14,0.14,MHEB83QMIFC95 → NHE9...,0.58,NO
13,28,17,0.17,OIGC72ROKFB94 → PKHB...,0.27,NO
13,29,11,0.11,PJHDA3SOIFB94 → PLF9...,0.40,NO
13,30,13,0.13,QNGA73TPMJD64 → QMJG...,0.28,NO
14,2,6,0.06,11110111100001 → 111...,0.34,NO
14,3,4,0.04,22221022110001 → 222...,0.46,NO
14,4,9,0.09,33311102222001 → 333...,0.27,NO
14,5,9,0.09,43322103322111 → 422...,0.68,NO
14,6,14,0.14,53311104444221 → 533...,0.47,NO
14,7,8,0.08,54322105544322 → 543...,0.36,NO
14,8,21,0.21,75531106664221 → 755...,0.13,NO
14,9,7,0.07,76653207653222 → 754...,0.49,NO
14,10,32,0.32,86533326666432 → 643...,0.23,NO
14,11,12,0.12,88753209875323 → 966...,0.33,NO
14,12,27,0.27,A987530A864322 → A87...,0.16,NO
14,13,10,0.10,B96643CC886632 → A98...,0.34,NO
14,14,43,0.43,CBBA710CC63222 → CBA...,0.09,NO
14,15,5,0.05,BA96621CC88544 → BA7...,0.79,NO
14,16,28,0.28,E985552CAAA762 → CA5...,0.16,NO
14,17,13,0.13,FC98641ECA8742 → EC8...,0.49,NO
14,18,28,0.28,C777652ECBAAA6 → C76...,0.12,NO
14,19,12,0.12,FBA6641GECC874 → FBA...,0.29,NO
14,20,6,0.06,IHGD530IGE6322 → IGF...,0.84,NO
14,21,14,0.14,ECC8643GGEC887 → DC8...,0.43,NO
14,22,14,0.14,G765330KIIGFE6 → KFF...,0.39,NO
14,23,11,0.11,JIFA861KGEC744 → JFE...,0.34,NO
14,24,26,0.26,MKHB930MKEC632 → MKH...,0.14,NO
14,25,7,0.07,JHG8883KGGG876 → HDA...,0.76,NO
14,26,14,0.14,MKJFB52MKEA654 → KIF...,0.45,NO
14,27,26,0.26,NMJICA1OGE8744 → NJI...,0.14,NO
14,28,18,0.18,QOLFD92OIEC632 → OML...,0.26,NO
14,29,10,0.10,MKKEC3SSOGE887 → PLG...,0.55,NO
14,30,17,0.17,SQFB770SMMIE32 → SQN...,0.32,NO
15,2,5,0.05,111111010000001 → 11...,0.45,NO
15,3,16,0.16,222221021100001 → 22...,0.13,NO
15,4,6,0.06,332111032222101 → 33...,0.33,NO
15,5,17,0.17,432044444443211 → 43...,0.24,NO
15,6,8,0.08,441111054444412 → 53...,0.32,NO
15,7,5,0.05,654322065443211 → 65...,0.51,NO
15,8,11,0.11,765432076543211 → 76...,0.31,NO
15,9,11,0.11,876543186543211 → 77...,0.42,NO
15,10,22,0.22,976654197543321 → 88...,0.15,NO
15,11,9,0.09,A876320A9874321 → A9...,0.61,NO
15,12,8,0.08,AA76541B9765412 → A9...,0.69,NO
15,13,5,0.05,B976531CA976532 → B9...,0.85,NO
15,14,4,0.04,CB77641DB976622 → CA...,0.91,NO
15,15,15,0.15,EBA8752EB976431 → DC...,0.57,NO
15,16,13,0.13,ECA8642FCB97532 → DC...,0.65,NO
15,17,2,0.02,FDB8651GEBA8532 → FD...,0.99,NO
15,18,11,0.11,FE97641HFDBA833 → GC...,0.49,NO
15,19,34,0.34,GFA8862IFCAA833 → GD...,0.22,NO
15,20,15,0.15,IEDA741JHFC9652 → IG...,0.30,NO
15,21,8,0.08,JFDA852KHFCA752 → IH...,0.81,NO
15,22,24,0.24,KGFCA72LIEB9652 → JI...,0.36,NO
15,23,19,0.19,KIDB962MJGDB943 → KH...,0.40,NO
15,24,19,0.19,MHGDA73NJGDA762 → LJ...,0.19,NO
15,25,12,0.12,MKEB962OLIFDA43 → MJ...,0.40,NO
15,26,24,0.24,NIHD973PLIGC873 → MK...,0.21,NO
15,27,12,0.12,OLIEB82QNIFC853 → OL...,0.40,NO
15,28,10,0.10,PJIFC83RNJFC983 → OM...,0.78,NO
15,29,19,0.19,QOIFD94SNJFDA43 → PM...,0.48,NO
15,30,25,0.25,ROKGD83TPLGD953 → QO...,0.29,NO
16,2,6,0.06,1111110110000001 → 1...,0.37,NO
16,3,6,0.06,2221022222211001 → 2...,0.44,NO
16,4,9,0.09,3311111022222201 → 3...,0.17,NO
16,5,6,0.06,4332111033332111 → 4...,0.73,NO
16,6,15,0.15,5331111044444221 → 5...,0.41,NO
16,7,10,0.10,5432221055444322 → 5...,0.34,NO
16,8,31,0.31,7553311066644221 → 7...,0.19,NO
16,9,2,0.02,7544442166444432 → 6...,0.73,NO
16,10,39,0.39,8633333086666632 → 8...,0.15,NO
16,11,8,0.08,8864221099886423 → 9...,0.46,NO
16,12,43,0.43,A9855310AA866322 → A...,0.09,NO
16,13,6,0.06,BA97631CCA965322 → B...,0.81,NO
16,14,58,0.58,CA755330CAA88632 → C...,0.07,NO
16,15,4,0.04,BA966221CCC88544 → B...,0.87,NO
16,16,39,0.39,E9855552CAAAA762 → C...,0.14,NO
16,17,10,0.10,DCCA6440FCCA6444 → F...,0.29,NO
16,18,41,0.41,C7655552ECCCCBA6 → C...,0.10,NO
16,19,14,0.14,FBA66641GECCC874 → F...,0.18,NO
16,20,27,0.27,IGD97510IIECA632 → I...,0.25,NO
16,21,13,0.13,ECC86443GGGEC887 → D...,0.38,NO
16,22,19,0.19,GBA73110KKKIEBA6 → K...,0.39,NO
16,23,19,0.19,JFA86221KKKGEC74 → J...,0.16,NO
16,24,52,0.52,MKHDBB50MICCA632 → M...,0.09,NO
16,25,7,0.07,MKGA8883KGGGE843 → J...,0.84,NO
16,26,20,0.20,PMKGDA80OHFC9531 → P...,0.34,NO
16,27,50,0.50,NMJIECA1OGEC8744 → N...,0.06,NO
16,28,28,0.28,OMLFFD50QMECC654 → Q...,0.24,NO
16,29,29,0.29,MKEC443SSOOOGE87 → P...,0.27,NO
16,30,38,0.38,SRQFB770SMMIE322 → S...,0.23,NO
17,2,6,0.06,11111110100000001 → ...,0.33,NO
17,3,18,0.18,22221022222110001 → ...,0.13,NO
17,4,11,0.11,33321110322221001 → ...,0.26,NO
17,5,25,0.25,43222204443222211 → ...,0.20,NO
17,6,10,0.10,44111110544444412 → ...,0.21,NO
17,7,6,0.06,65543310655332111 → ...,0.36,NO
17,8,7,0.07,76543210766543211 → ...,0.44,NO
17,9,9,0.09,87654320876543211 → ...,0.42,NO
17,10,20,0.20,97665431976543321 → ...,0.25,NO
17,11,8,0.08,A8775320A98753321 → ...,0.85,NO
17,12,13,0.13,BA876541B97654311 → ...,0.61,NO
17,13,11,0.11,BA976530CB9765322 → ...,0.38,NO
17,14,12,0.12,CC987652DA8765412 → ...,0.30,NO
17,15,10,0.10,EBB98752EB9765331 → ...,0.62,NO
17,16,3,0.03,ECA86541FDBA97532 → ...,0.86,NO
17,17,18,0.18,FDCB9752GDB975432 → ...,0.22,NO
17,18,9,0.09,GCCA7431HFEDA7552 → ...,0.51,NO
17,19,17,0.17,GFCA7530IHFDB8633 → ...,0.23,NO
17,20,28,0.28,IGDA9862JGDBA9632 → ...,0.17,NO
17,21,9,0.09,JFFC8530KJHFC8552 → ...,0.87,NO
17,22,11,0.11,KFECA972LIECB9762 → ...,0.66,NO
17,23,8,0.08,KHGD8530MLJHE9653 → ...,0.83,NO
17,24,3,0.03,LJECA741NLJGDB943 → ...,0.89,NO
17,25,7,0.07,MJGC9862OLIGFC853 → ...,0.73,NO
17,26,9,0.09,NKHEB862PMJHEB853 → ...,0.87,NO
17,27,7,0.07,OLIEB852QNLIFC853 → ...,0.71,NO
17,28,9,0.09,PMJGD962ROLIEB853 → ...,0.62,NO
17,29,11,0.11,RMLJFB83SOKHD9762 → ...,0.41,NO
17,30,21,0.21,ROJFEB83TPLIFEA53 → ...,0.36,NO
18,2,6,0.06,111111011110000001 →...,0.29,NO
18,3,6,0.06,222210222222110001 →...,0.48,NO
18,4,14,0.14,333322103322110001 →...,0.24,NO
18,5,4,0.04,433331110333311111 →...,0.61,NO
18,6,26,0.26,533111110444444221 →...,0.31,NO
18,7,2,0.02,543222210554444322 →...,0.96,NO
18,8,39,0.39,755333110666444221 →...,0.10,NO
18,9,3,0.03,766654221666432222 →...,0.64,NO
18,10,43,0.43,865333332666666432 →...,0.12,NO
18,11,10,0.10,866642221888864443 →...,0.35,NO
18,12,59,0.59,A98555310AA8666322 →...,0.06,NO
18,13,5,0.05,B988663CCCC8664432 →...,0.76,NO
18,14,75,0.75,CBA755330CAA886322 →...,0.04,NO
18,15,5,0.05,CAA866621CC8886443 →...,0.72,NO
18,16,40,0.40,E99855552CAAAA7662 →...,0.11,NO
18,17,19,0.19,DA9843GGGGGGCC8764 →...,0.49,NO
18,18,46,0.46,C76555552ECCCCCBA6 →...,0.08,NO
18,19,20,0.20,FBA666641GECCCC874 →...,0.13,NO
18,20,13,0.13,IGFD97550IEECA6432 →...,0.37,NO
18,21,12,0.12,HGB96543KKGGFEB944 →...,0.43,NO
18,22,19,0.19,GFEB97752IGEECA766 →...,0.49,NO
18,23,22,0.22,JFA866221KKKGGEC74 →...,0.18,NO
18,24,75,0.75,MKJHDB930MKECA6432 →...,0.04,NO
18,25,6,0.06,NKIEC9843KKGFCA642 →...,0.55,NO
18,26,26,0.26,MKJFD5532MMKKCA654 →...,0.20,NO
18,27,65,0.65,NMJIECAA1OGGEC8744 →...,0.06,NO
18,28,41,0.41,OMLFFD950QMIECC654 →...,0.20,NO
18,29,12,0.12,MKKECC43SSOOGGE887 →...,0.35,NO
18,30,22,0.22,SQHFB9770SMMKIEC32 →...,0.37,NO
19,2,6,0.06,1111111101000000001 ...,0.30,NO
19,3,23,0.23,2222221022211000001 ...,0.12,NO
19,4,11,0.11,3332221033322111001 ...,0.19,NO
19,5,33,0.33,4333222104332221111 ...,0.10,NO
19,6,15,0.15,5433211105444432211 ...,0.24,NO
19,7,9,0.09,6543332166644333211 ...,0.23,NO
19,8,11,0.11,7654332107665443211 ...,0.21,NO
19,9,7,0.07,8765443208765443211 ...,0.47,NO
19,10,16,0.16,9876543209876543211 ...,0.36,NO
19,11,7,0.07,A87765320A987543321 ...,0.41,NO
19,12,11,0.11,B98876541B976543321 ...,0.45,NO
19,13,4,0.04,C99876531CA97654331 ...,0.91,NO
19,14,18,0.18,DCA877531DBA8665311 ...,0.14,NO
19,15,13,0.13,EBB987531ECB9765331 ...,0.57,NO
19,16,6,0.06,ECA865431FDCBA97532 ...,0.85,NO
19,17,16,0.16,FDB865431GEDCBA8532 ...,0.27,NO
19,18,4,0.04,GECA87641HFDBA97532 ...,0.83,NO
19,19,16,0.16,HFDCB9751IGDB976532 ...,0.30,NO
19,20,19,0.19,HGDB86541JHFEDB8633 ...,0.21,NO
19,21,18,0.18,JHEBA9751KIFDBA9632 ...,0.25,NO
19,22,12,0.12,KJFDBB962LIFCAA8622 ...,0.41,NO
19,23,9,0.09,MJIGEB962MJGDB86431 ...,0.86,NO
19,24,10,0.10,MKHEDCA83NJFDBA9632 ...,0.53,NO
19,25,15,0.15,MLGEDB852OLJGDBA833 ...,0.59,NO
19,26,30,0.30,NMHEDB862PMJHECB833 ...,0.25,NO
19,27,7,0.07,ONIFDA752QNLJGDB833 ...,0.72,NO
19,28,6,0.06,PMJHGDA72ROKHEBA853 ...,0.53,NO
19,29,23,0.23,QLKGDB973SOLJHFC873 ...,0.33,NO
19,30,30,0.30,QOKHEB741TRPMIFC954 ...,0.30,NO
20,2,7,0.07,11111111011000000001...,0.29,NO
20,3,8,0.08,22222102222221100001...,0.42,NO
20,4,16,0.16,33333221033221100001...,0.19,NO
20,5,3,0.03,43333221044332211111...,0.65,NO
20,6,24,0.24,53311111104444444221...,0.26,NO
20,7,10,0.10,54443221066554432222...,0.45,NO
20,8,51,0.51,76544422077655333211...,0.12,NO
20,9,10,0.10,86666442188664422221...,0.27,NO
20,10,46,0.46,86533333326666666432...,0.10,NO
20,11,3,0.03,98755332109987755322...,0.93,NO
20,12,70,0.70,A987555310AA86664322...,0.09,NO
20,13,10,0.10,B9886643CCCC88664432...,0.55,NO
20,14,77,0.77,CBA9733310CCAAA64322...,0.05,NO
20,15,8,0.08,DC9866542EEBA9886522...,0.76,NO
20,16,50,0.50,E999855552CAAAA76662...,0.12,NO
20,17,19,0.19,DDCCA8861GGEA8864434...,0.31,NO
20,18,59,0.59,C776553332EEEECCBAA6...,0.05,NO
20,19,27,0.27,FEBAA66421GGECC88744...,0.11,NO
20,20,33,0.33,IGFD975510IIEECA6432...,0.09,NO
20,21,15,0.15,HGDA96543KKGGFEBA744...,0.56,NO
20,22,20,0.20,No convergence,0.67,NO
20,23,36,0.36,JIIFEA8621KKGEC87444...,0.15,NO
20,24,92,0.92,MLKHB95550MIIIEC6322...,0.02,NO
20,25,19,0.19,IHC9888843KKGGGGFC77...,0.37,NO
20,26,45,0.45,OMJFD53330OMMMKCA632...,0.15,NO
20,27,75,0.75,NJIECA6621OOKKGEC874...,0.04,NO
20,28,59,0.59,OMLFFD9950QMIIECC654...,0.10,NO
20,29,14,0.14,PLKKGEC43SSOOGEC8874...,0.44,NO
20,30,17,0.17,KFFBBA9710SSMKJIIEEA...,0.33,NO
21,2,7,0.07,11111111101000000000...,0.35,NO
21,3,25,0.25,22222210222221100000...,0.13,NO
21,4,14,0.14,33332221033322111000...,0.18,NO
21,5,39,0.39,44333222104332221110...,0.09,NO
21,6,21,0.21,54332111105444443221...,0.17,NO
21,7,13,0.13,65544432066654322211...,0.26,NO
21,8,20,0.20,76555543207654322221...,0.11,NO
21,9,16,0.16,87765533208765533211...,0.28,NO
21,10,18,0.18,98765433209876654321...,0.26,NO
21,11,6,0.06,A987543220A988765321...,0.62,NO
21,12,20,0.20,B988765541B976654332...,0.27,NO
21,13,17,0.17,CA99875320CBA9754332...,0.44,NO
21,14,14,0.14,CC98776541DB98766541...,0.28,NO
21,15,11,0.11,DDC9754320EDCBA97521...,0.60,NO
21,16,11,0.11,ECA8654331FDCCBA9753...,0.80,NO
21,17,10,0.10,FDBA976531GEDBA97653...,0.49,NO
21,18,13,0.13,GECA865431HFEDCB9753...,0.31,NO
21,19,17,0.17,HGFC987531IGFDBA9632...,0.46,NO
21,20,18,0.18,IGECA86541JHFEDB9753...,0.38,NO
21,21,12,0.12,JHEBAA8651KIFECAA963...,0.76,NO
21,22,9,0.09,KIGECA8641LJHFDB9753...,0.75,NO
21,23,33,0.33,KJGFDB9631MKJGDB9763...,0.13,NO
21,24,10,0.10,MIIGD97531NLKIGEA755...,0.58,NO
21,25,13,0.13,NJJHFDB852OLJGDB9755...,0.35,NO
21,26,15,0.15,NKJHEB8641PNLJHEB865...,0.38,NO
21,27,22,0.22,PLKIHEB862QNKIFC9865...,0.36,NO
21,28,23,0.23,PMJHGDB962ROLIGEBA85...,0.26,NO
21,29,15,0.15,RPLIHFC962SPMJGDBA73...,0.40,NO
21,30,2,0.02,ROLJIGEB73TPMIFDBA85...,0.99,NO
22,2,7,0.07,11111111101100000000...,0.36,NO
22,3,10,0.10,22222210222222110000...,0.37,NO
22,4,17,0.17,33332211103322221100...,0.27,NO
22,5,10,0.10,43333222144442222111...,0.28,NO
22,6,31,0.31,53311111110444444442...,0.19,NO
22,7,7,0.07,65333222210554444333...,0.51,NO
22,8,49,0.49,76654432207765543321...,0.16,NO
22,9,5,0.05,76653220888888766532...,0.96,NO
22,10,52,0.52,98666443219977655333...,0.07,NO
22,11,13,0.13,98765533210998775543...,0.38,NO
22,12,75,0.75,A9987553310AA8866432...,0.13,NO
22,13,8,0.08,B98866443CCCC8886644...,0.33,NO
22,14,93,0.93,CBA97753330CAAA86643...,0.04,NO
22,15,7,0.07,CAA86666621CC8888864...,0.42,NO
22,16,54,0.54,ED999855552CAAAA7666...,0.09,NO
22,17,5,0.05,ECCCA8443GGGGCCC8644...,0.51,NO
22,18,65,0.65,ECBBB977554CCCAA8666...,0.05,NO
22,19,32,0.32,FBAA6666641GECCCCC88...,0.12,NO
22,20,62,0.62,IGFD9975510IIEECAA64...,0.06,NO
22,21,23,0.23,HHGGC8885KKKKECCC844...,0.36,NO
22,22,8,0.08,No convergence,0.59,NO
22,23,45,0.45,JIFEAA86221KKKGECC87...,0.07,NO
22,24,95,0.95,MLKJJHDB930MKECA6443...,0.02,NO
22,25,26,0.26,IG88888863OOKIGGGGGG...,0.14,NO
22,26,60,0.60,OMJFD533310OOMMMKCA6...,0.12,NO
22,27,79,0.79,NMJIECA6621OOKKGEC87...,0.03,NO
22,28,73,0.73,OMLFFFD9950QMIIECCC6...,0.06,NO
22,29,14,0.14,PKKKKFCC443OOOGGD888...,0.41,NO
22,30,4,0.04,SQHHHFF9970SMKKEECCC...,0.67,NO
23,2,6,0.06,11111111110100000000...,0.28,NO
23,3,29,0.29,22222221022222110000...,0.08,NO
23,4,15,0.15,33333222103332211100...,0.17,NO
23,5,41,0.41,44433322210433222111...,0.07,NO
23,6,23,0.23,54332111110544444432...,0.28,NO
23,7,15,0.15,65544433106665533222...,0.30,NO
23,8,26,0.26,76555433210766544322...,0.12,NO
23,9,21,0.21,87654443208887654443...,0.36,NO
23,10,26,0.26,98776543320987665432...,0.15,NO
23,11,7,0.07,A9876543220A98876543...,0.45,NO
23,12,24,0.24,B9887655541B97666543...,0.26,NO
23,13,4,0.04,CBA98765320CBA976543...,0.96,NO
23,14,8,0.08,CC998776541DB9876654...,0.33,NO
23,15,8,0.08,EDCB9875430EDBA97653...,0.70,NO
23,16,20,0.20,ECA86543331FDCCCBA97...,0.58,NO
23,17,16,0.16,GDDBA976531GEDBA9765...,0.45,NO
23,18,21,0.21,GECA8776431HFEDBAA97...,0.21,NO
23,19,8,0.08,IFFDCB98752IFDBA9765...,0.65,NO
23,20,9,0.09,JGGECA97541JHFECA975...,0.68,NO
23,21,19,0.19,JIEECA86531KIHFECA86...,0.54,NO
23,22,15,0.15,KIGECBA8641LJHFDBA97...,0.25,NO
23,23,14,0.14,MJIGECB9741MKIFDBA86...,0.70,NO
23,24,7,0.07,MKIHGECA741NLJGDB976...,0.61,NO
23,25,20,0.20,NJJIGDB9751OMJHFDB86...,0.22,NO
23,26,15,0.15,NKJHFEDB851PNKHECBA8...,0.41,NO
23,27,16,0.16,OLKIFEDB962QNKHFDCB8...,0.44,NO
23,28,20,0.20,QMLJHDA8641RPNLJHEA8...,0.28,NO
23,29,13,0.13,QPMKGEC9752SPNLJGEC8...,0.47,NO
23,30,20,0.20,ROLIFCA8641TRPNLJHEB...,0.30,NO
24,2,8,0.08,11111111110110000000...,0.34,NO
24,3,9,0.09,22222221022222211000...,0.31,NO
24,4,20,0.20,33333221110332222110...,0.14,NO
24,5,12,0.12,43333222210443322221...,0.42,NO
24,6,35,0.35,53311111111044444444...,0.13,NO
24,7,11,0.11,64442222166666644444...,0.37,NO
24,8,41,0.41,76655443220776554332...,0.12,NO
24,9,4,0.04,75444421888888886644...,0.71,NO
24,10,66,0.66,98766654421997755433...,0.07,NO
24,11,6,0.06,9888754442AAAA766653...,0.45,NO
24,12,73,0.73,B99755553310AA886666...,0.15,NO
24,13,6,0.06,B988664443CCCC888866...,0.85,NO
24,14,85,0.85,CBBA99773110CCCA6644...,0.03,NO
24,15,8,0.08,DCB98766441EECAA8876...,0.81,NO
24,16,60,0.60,E99985555552CAAAAAA7...,0.09,NO
24,17,2,0.02,GEEEBBAA5532DDBB6655...,0.95,NO
24,18,84,0.84,C77777655532EECCCBAA...,0.03,NO
24,19,48,0.48,FEEBA6666421GGECCCC8...,0.08,NO
24,20,76,0.76,IGFD99755110IIIEECAA...,0.08,NO
24,21,23,0.23,IGGCCCC88643GGECC888...,0.19,NO
24,22,9,0.09,No convergence,0.92,NO
24,23,51,0.51,JIFEEAA86221KKKGECC8...,0.10,NO
24,24,100,1.00,MKJHDB975310MMKIGECA...,0.01,NO
24,25,10,0.10,LHGGC888863OOKIGGGGC...,0.33,NO
24,26,60,0.60,OMLLJFDB9530OMKGECA6...,0.15,NO
24,27,92,0.92,NMMJIECAA661OKKGGEC8...,0.03,NO
24,28,76,0.76,OMLLFFFD9950QMIIECCC...,0.05,NO
24,29,24,0.24,PKHGGECCC43SSOOGGGEC...,0.30,NO
24,30,6,0.06,No convergence,0.88,NO
25,2,7,0.07,11111111111010000000...,0.37,NO
25,3,28,0.28,22222222022222221000...,0.10,NO
25,4,19,0.19,33333211111032222221...,0.13,NO
25,5,48,0.48,44443332221043322211...,0.10,NO
25,6,28,0.28,54332111111054444444...,0.23,NO
25,7,19,0.19,65432222222065444444...,0.27,NO
25,8,34,0.34,77765554321076654322...,0.08,NO
25,9,23,0.23,87765544332087655443...,0.16,NO
25,10,37,0.37,98776543332098766654...,0.11,NO
25,11,10,0.10,A98766543220A9887654...,0.38,NO
25,12,23,0.23,BA9876555431B9876665...,0.24,NO
25,13,8,0.08,BBA76544320CCCBA9887...,0.63,NO
25,14,11,0.11,DCA998776541DB987665...,0.24,NO
25,15,10,0.10,EDCBA9875430EDBA9765...,0.38,NO
25,16,21,0.21,ECA865433331FDCCCCBA...,0.36,NO
25,17,12,0.12,GDDBA9765431GEDCBA97...,0.39,NO
25,18,28,0.28,GECA87765541HFDCCBAA...,0.14,NO
25,19,17,0.17,HHGECA975430IHFEDB98...,0.37,NO
25,20,6,0.06,JGGECBA98641JHFDBA98...,0.92,NO
25,21,14,0.14,KJHFEDB98641KIGECB97...,0.39,NO
25,22,22,0.22,KIGFECA98641LJHFDCB9...,0.32,NO
25,23,8,0.08,KJIGFDB97541MKIHFDB9...,0.63,NO
25,24,9,0.09,MLKHECA87531NLKIGFDB...,0.59,NO
25,25,17,0.17,NLJHFDB97531OMLJHFDB...,0.30,NO
25,26,6,0.06,OMKJHFDA8641PNLJHFCA...,0.68,NO
25,27,9,0.09,PNKHFEB87541QOMLJIFC...,0.53,NO
25,28,7,0.07,PMLJGDB97641RPNLKIGE...,0.55,NO
25,29,7,0.07,QPMKIGDB9752SPNLJHFC...,0.64,NO
25,30,8,0.08,RQLJIGECA862TQNLJHFD...,0.65,NO
26,2,7,0.07,11111111111011000000...,0.32,NO
26,3,11,0.11,22222222102222221100...,0.25,NO
26,4,20,0.20,33333222210333322111...,0.15,NO
26,5,12,0.12,43333222211103333222...,0.36,NO
26,6,39,0.39,54433221111055444443...,0.13,NO
26,7,16,0.16,65543322210666655444...,0.27,NO
26,8,40,0.40,76654433221077665544...,0.18,NO
26,9,8,0.08,76654444443207654444...,0.36,NO
26,10,70,0.70,98876644332199776655...,0.11,NO
26,11,14,0.14,98887654442AAAA76665...,0.30,NO
26,12,74,0.74,B997755553310AA88666...,0.10,NO
26,13,4,0.04,B9886644443CCCC88888...,0.57,NO
26,14,93,0.93,DBB9777555310CCA8886...,0.03,NO
26,15,10,0.10,DCBAA9876441EECAA876...,0.30,NO
26,16,64,0.64,E999855555552CAAAAAA...,0.07,NO
26,17,15,0.15,DDA8888641GGGGGGECA8...,0.26,NO
26,18,83,0.83,C777777776532EECBAAA...,0.04,NO
26,19,40,0.40,FEEBA66664221GGGECCC...,0.13,NO
26,20,91,0.91,IGFD975511110IIIIIEE...,0.03,NO
26,21,10,0.10,HGDCCCA96543KKGGFEBA...,0.35,NO
26,22,17,0.17,No convergence,0.45,NO
26,23,44,0.44,JIFEEAA866221KKKGGEC...,0.09,NO
26,24,98,0.98,MLKJHHB933310MMKKKEC...,0.02,NO
26,25,6,0.06,LIHGGGCA6443OOKKKIEC...,0.50,NO
26,26,77,0.77,OMLLL73333330OMMMMMM...,0.06,NO
26,27,84,0.84,NMJIECA666221OOOKKKG...,0.04,NO
26,28,94,0.94,ONMLFFFFD9950QMIIECC...,0.03,NO
26,29,16,0.16,LKKKFCCC4443SSOOOOGG...,0.35,NO
26,30,7,0.07,No convergence,0.79,NO
27,2,6,0.06,11111111111101000000...,0.32,NO
27,3,33,0.33,22222222102222222110...,0.13,NO
27,4,21,0.21,33333222111033322221...,0.17,NO
27,5,52,0.52,44333333220444443221...,0.07,NO
27,6,36,0.36,54332111111105444444...,0.24,NO
27,7,24,0.24,65444443220666665443...,0.14,NO
27,8,56,0.56,77655543211107666654...,0.07,NO
27,9,33,0.33,87765544433208765544...,0.14,NO
27,10,56,0.56,98765554333209876665...,0.06,NO
27,11,16,0.16,A987666543220A988765...,0.20,NO
27,12,29,0.29,BA99876555431B987666...,0.16,NO
27,13,4,0.04,CBA9876544320CBA9887...,0.48,NO
27,14,7,0.07,DBBAA98764331DBAA976...,0.66,NO
27,15,16,0.16,EDCBAA9875430EDBA976...,0.21,NO
27,16,27,0.27,ECA8654333331FDCCCCC...,0.37,NO
27,17,21,0.21,GFEDCB9875431GEDCB98...,0.25,NO
27,18,33,0.33,GECA877655431HFEDCCB...,0.24,NO
27,19,9,0.09,IHFDCCA875430IHFEDBA...,0.67,NO
27,20,10,0.10,JGGEDCA986541JHFEDBA...,0.68,NO
27,21,17,0.17,KJGEEDBA98752KHFDCBA...,0.29,NO
27,22,13,0.13,KIGFECA876431LJIHFED...,0.25,NO
27,23,24,0.24,LLIHGGECB9741MKIFDBA...,0.13,NO
27,24,6,0.06,NLKKHECBA8641NLJHFDC...,0.89,NO
27,25,21,0.21,NLJIGEDB97531OMLJHFD...,0.27,NO
27,26,12,0.12,ONMJGEDCA8641PNLJHFD...,0.57,NO
27,27,18,0.18,PLLKIFDB97541QOMLJHF...,0.30,NO
27,28,21,0.21,QOMKIGECA8641RPNLJHF...,0.40,NO
27,29,24,0.24,SPOKIIGEDA861SQMKIFE...,0.15,NO
27,30,5,0.05,RONLIGECA8641TRPNLJH...,0.82,NO
28,2,8,0.08,11111111111101100000...,0.33,NO
28,3,13,0.13,22222222210222222110...,0.28,NO
28,4,22,0.22,33332222111033332222...,0.15,NO
28,5,10,0.10,43333222222104433222...,0.31,NO
28,6,39,0.39,55544333221105544433...,0.09,NO
28,7,11,0.11,65543322221066665544...,0.44,NO
28,8,52,0.52,77665544322107766554...,0.09,NO
28,9,14,0.14,86665544332210776655...,0.61,NO
28,10,62,0.62,98876654432209987765...,0.23,NO
28,11,20,0.20,998886444421AAAA8866...,0.20,NO
28,12,72,0.72,BA98887664421BB99775...,0.05,NO
28,13,4,0.04,B98866444443CCCC8888...,0.87,NO
28,14,91,0.91,CCAA887664421DDBB997...,0.03,NO
28,15,12,0.12,DCBAA98766441EECAA88...,0.27,NO
28,16,77,0.77,E9999855555550EAAAAA...,0.06,NO
28,17,13,0.13,DDA88888641GGGGGGECA...,0.27,NO
28,18,85,0.85,CB777655333332EEEEEE...,0.03,NO
28,19,50,0.50,FEEBA666664221GGGECC...,0.14,NO
28,20,93,0.93,IGFD9977755330IGGEEC...,0.03,NO
28,21,7,0.07,HGDCCCCA96543KKGGFEB...,0.63,NO
28,22,6,0.06,No convergence,0.95,NO
28,23,54,0.54,JIIFEEAA866221KKKGGE...,0.15,NO
28,24,99,0.99,MLKJHHDBB93310MMKKEC...,0.02,NO
28,25,16,0.16,LKHGGEDA98887OOGGGGF...,0.46,NO
28,26,89,0.89,OJJJIHHFD71110OOOOIC...,0.05,NO
28,27,88,0.88,NMMJIIEECA6661OKKKGE...,0.03,NO
28,28,94,0.94,OMLHFFFFD95330QOOMIE...,0.03,NO
28,29,15,0.15,POLKHGDC884421QQOOKK...,0.49,NO
28,30,10,0.10,No convergence,0.85,NO
29,2,7,0.07,11111111111110100000...,0.28,NO
29,3,38,0.38,22222222110222222211...,0.08,NO
29,4,21,0.21,33333211111110322222...,0.13,NO
29,5,60,0.60,44433333322044444322...,0.05,NO
29,6,37,0.37,54332111111110544444...,0.21,NO
29,7,30,0.30,66554332222210655444...,0.08,NO
29,8,49,0.49,76665544432217775554...,0.09,NO
29,9,25,0.25,87654444432088888765...,0.48,NO
29,10,68,0.68,98777654333210988766...,0.04,NO
29,11,24,0.24,A9876666543220A98876...,0.15,NO
29,12,44,0.44,BA998765555431B98766...,0.15,NO
29,13,7,0.07,CBBBA998665321CAA976...,0.53,NO
29,14,14,0.14,DCBA9987765431DBA987...,0.35,NO
29,15,21,0.21,EDCB9876665430EDBA98...,0.12,NO
29,16,28,0.28,FCCBA999986431FDCB97...,0.24,NO
29,17,9,0.09,FFECBA98765431GEDCBA...,0.47,NO
29,18,45,0.45,GGFDCBA9865420HGFDCB...,0.15,NO
29,19,8,0.08,IHGFDCB9875430IHFEDB...,0.85,NO
29,20,19,0.19,IIHEDCA9876541JHFEDC...,0.54,NO
29,21,18,0.18,JJFEEDBA976531KIHFED...,0.18,NO
29,22,30,0.30,LIIGFEDCA98641LJHFDC...,0.18,NO
29,23,12,0.12,MKJIFEDCB98752MJHFED...,0.45,NO
29,24,21,0.21,MKIGEDCBA87641NLJHGF...,0.29,NO
29,25,26,0.26,NNJIGEDBA86531OMLJIG...,0.39,NO
29,26,8,0.08,ONMJGFEDCA8641PNLJHF...,0.77,NO
29,27,7,0.07,PNMLJHFEDB9741QOMJHF...,0.51,NO
29,28,32,0.32,QOMKIHGECA8641RPNLJH...,0.24,NO
29,29,17,0.17,RPNLJIGEDBA852SPNKIH...,0.74,NO
29,30,6,0.06,SQOMKIGECA8641TRPNLJ...,0.83,NO
30,2,9,0.09,11111111111110110000...,0.24,NO
30,3,15,0.15,22222222211102222111...,0.23,NO
30,4,23,0.23,33333322111110332222...,0.13,NO
30,5,14,0.14,43333222222214444222...,0.50,NO
30,6,42,0.42,54433221111110554444...,0.20,NO
30,7,18,0.18,65544332222210665544...,0.15,NO
30,8,58,0.58,77665544322110776665...,0.05,NO
30,9,16,0.16,86666444444222166664...,0.36,NO
30,10,63,0.63,98876654433220998776...,0.11,NO
30,11,16,0.16,9988866444421AAAA886...,0.35,NO
30,12,66,0.66,BA988876654421BB9977...,0.25,NO
30,13,7,0.07,B988664444443CCCC888...,0.39,NO
30,14,75,0.75,CCCA8877664421DDBB99...,0.14,NO
30,15,13,0.13,DCBAAA98766441EECAA8...,0.29,NO
30,16,84,0.84,E99998555555552CAAAA...,0.05,NO
30,17,13,0.13,FEDCBA988765430FDCBA...,0.20,NO
30,18,90,0.90,CBB765533333332EEEEE...,0.03,NO
30,19,52,0.52,FEEEBAAAA666421GGECC...,0.08,NO
30,20,99,0.99,IHGFD9977775530IGEEC...,0.02,NO
30,21,6,0.06,HGDCCCCCA96543KKGGFE...,0.47,NO
30,22,20,0.20,No convergence,0.65,NO
30,23,58,0.58,JIFEEAA86662221KKKKG...,0.07,NO
30,24,100,1.00,MKJJHDB99953310MMKKI...,0.01,NO
30,25,13,0.13,LHGGC888888863OOKIGG...,0.46,NO
30,26,92,0.92,OMJDBB777777330OMMII...,0.02,NO
30,27,93,0.93,NMMMJIIIICA6661OKKKG...,0.03,NO
30,28,96,0.96,ONMLFFFFD999950QMIII...,0.02,NO
30,29,15,0.15,POLKHGDC8844421QQOOO...,0.34,NO
30,30,21,0.21,No convergence,0.79,NO
